metrics_schema_version,experiment_id,run_id,timestamp,client_id,policy_id,policy_name,plaintext_topic,token_topic,token_mode,rotation_enabled,rotation_epoch,rotation_in_overlap,overlap_duplicate,mqtt_messages_for_logical,logical_seq,message_id,qos,retain,payload_plain_bytes,payload_padded_bytes,payload_encrypted_bytes,padding_enabled,padding_mode,padding_added_bytes,padding_overhead_ratio,payload_total_overhead_bytes,mid,rc,success,wait_for_publish,publish_complete_ms,reconnect_count,error
2,aomqtt-e5-closed-loop,e5-20260930T063929Z,1790750372.4861734,e5-pub-T063929Z,e5_overlap5_fixed512,e5_overlap5_fixed512,e5/siteA/closedloop,aomqtt/v1/t/f5b00dbbca247255,whole,True,59691679,True,False,2,0,e5-pub-T063929Z:e5-20260930T063929Z:0,1,False,121,512,802,True,fixed,391,3.231404958677686,681,1,0,True,True,0.396702962461859,0,
2,aomqtt-e5-closed-loop,e5-20260930T063929Z,1790750372.4866462,e5-pub-T063929Z,e5_overlap5_fixed512,e5_overlap5_fixed512,e5/siteA/closedloop,aomqtt/v1/t/868e1fd05cf0c466,whole,True,59691678,True,True,2,0,e5-pub-T063929Z:e5-20260930T063929Z:0,1,False,121,512,802,True,fixed,391,3.231404958677686,681,2,0,True,True,0.2795470063574612,0,
2,aomqtt-e5-closed-loop,e5-20260930T063929Z,1790750373.48649,e5-pub-T063929Z,e5_overlap5_fixed512,e5_overlap5_fixed512,e5/siteA/closedloop,aomqtt/v1/t/f5b00dbbca247255,whole,True,59691679,True,False,2,1,e5-pub-T063929Z:e5-20260930T063929Z:1,1,False,119,512,802,True,fixed,393,3.302521008403361,683,3,0,True,True,0.5423619877547026,0,
2,aomqtt-e5-closed-loop,e5-20260930T063929Z,1790750373.4870098,e5-pub-T063929Z,e5_overlap5_fixed512,e5_overlap5_fixed512,e5/siteA/closedloop,aomqtt/v1/t/868e1fd05cf0c466,whole,True,59691678,True,True,2,1,e5-pub-T063929Z:e5-20260930T063929Z:1,1,False,119,512,802,True,fixed,393,3.302521008403361,683,4,0,True,True,0.27394399512559175,0,
2,aomqtt-e5-closed-loop,e5-20260930T063929Z,1790750374.4864407,e5-pub-T063929Z,e5_overlap5_fixed512,e5_overlap5_fixed512,e5/siteA/closedloop,aomqtt/v1/t/f5b00dbbca247255,whole,True,59691679,True,False,2,2,e5-pub-T063929Z:e5-20260930T063929Z:2,1,False,121,512,802,True,fixed,391,3.231404958677686,681,5,0,True,True,0.527933007106185,0,
2,aomqtt-e5-closed-loop,e5-20260930T063929Z,1790750374.486968,e5-pub-T063929Z,e5_overlap5_fixed512,e5_overlap5_fixed512,e5/siteA/closedloop,aomqtt/v1/t/868e1fd05cf0c466,whole,True,59691678,True,True,2,2,e5-pub-T063929Z:e5-20260930T063929Z:2,1,False,121,512,802,True,fixed,391,3.231404958677686,681,6,0,True,True,0.2956459647975862,0,
2,aomqtt-e5-closed-loop,e5-20260930T063929Z,1790750375.4864767,e5-pub-T063929Z,e5_overlap5_fixed512,e5_overlap5_fixed512,e5/siteA/closedloop,aomqtt/v1/t/f5b00dbbca247255,whole,True,59691679,False,False,1,3,e5-pub-T063929Z:e5-20260930T063929Z:3,1,False,121,512,802,True,fixed,391,3.231404958677686,681,7,0,True,True,0.5311320419423282,0,
2,aomqtt-e5-closed-loop,e5-20260930T063929Z,1790750376.486419,e5-pub-T063929Z,e5_overlap5_fixed512,e5_overlap5_fixed512,e5/siteA/closedloop,aomqtt/v1/t/f5b00dbbca247255,whole,True,59691679,False,False,1,4,e5-pub-T063929Z:e5-20260930T063929Z:4,1,False,120,512,802,True,fixed,392,3.2666666666666666,682,8,0,True,True,0.5182410241104662,0,
2,aomqtt-e5-closed-loop,e5-20260930T063929Z,1790750377.4865377,e5-pub-T063929Z,e5_overlap5_fixed512,e5_overlap5_fixed512,e5/siteA/closedloop,aomqtt/v1/t/f5b00dbbca247255,whole,True,59691679,False,False,1,5,e5-pub-T063929Z:e5-20260930T063929Z:5,1,False,121,512,802,True,fixed,391,3.231404958677686,681,9,0,True,True,0.5926240119151771,0,
2,aomqtt-e5-closed-loop,e5-20260930T063929Z,1790750378.48601,e5-pub-T063929Z,e5_overlap5_fixed512,e5_overlap5_fixed512,e5/siteA/closedloop,aomqtt/v1/t/f5b00dbbca247255,whole,True,59691679,False,False,1,6,e5-pub-T063929Z:e5-20260930T063929Z:6,1,False,121,512,802,True,fixed,391,3.231404958677686,681,10,4,False,True,0.05045003490522504,0,RuntimeError('Message publish failed: The client is not currently connected.')
2,aomqtt-e5-closed-loop,e5-20260930T063929Z,1790750379.4866662,e5-pub-T063929Z,e5_overlap5_fixed512,e5_overlap5_fixed512,e5/siteA/closedloop,aomqtt/v1/t/f5b00dbbca247255,whole,True,59691679,False,False,1,7,e5-pub-T063929Z:e5-20260930T063929Z:7,1,False,120,512,802,True,fixed,392,3.2666666666666666,682,11,0,True,True,0.6679490325041115,1,
2,aomqtt-e5-closed-loop,e5-20260930T063929Z,1790750380.4864907,e5-pub-T063929Z,e5_overlap5_fixed512,e5_overlap5_fixed512,e5/siteA/closedloop,aomqtt/v1/t/f5b00dbbca247255,whole,True,59691679,False,False,1,8,e5-pub-T063929Z:e5-20260930T063929Z:8,1,False,121,512,802,True,fixed,391,3.231404958677686,681,12,0,True,True,0.5600050208158791,1,
2,aomqtt-e5-closed-loop,e5-20260930T063929Z,1790750381.4866421,e5-pub-T063929Z,e5_overlap5_fixed512,e5_overlap5_fixed512,e5/siteA/closedloop,aomqtt/v1/t/f5b00dbbca247255,whole,True,59691679,False,False,1,9,e5-pub-T063929Z:e5-20260930T063929Z:9,1,False,121,512,802,True,fixed,391,3.231404958677686,681,13,0,True,True,0.5169109790585935,1,
2,aomqtt-e5-closed-loop,e5-20260930T063929Z,1790750382.4863005,e5-pub-T063929Z,e5_overlap5_fixed512,e5_overlap5_fixed512,e5/siteA/closedloop,aomqtt/v1/t/f5b00dbbca247255,whole,True,59691679,False,False,1,10,e5-pub-T063929Z:e5-20260930T063929Z:10,1,False,122,512,802,True,fixed,390,3.19672131147541,680,14,0,True,True,0.4161240067332983,1,
2,aomqtt-e5-closed-loop,e5-20260930T063929Z,1790750383.486392,e5-pub-T063929Z,e5_overlap5_fixed512,e5_overlap5_fixed512,e5/siteA/closedloop,aomqtt/v1/t/f5b00dbbca247255,whole,True,59691679,False,False,1,11,e5-pub-T063929Z:e5-20260930T063929Z:11,1,False,123,512,802,True,fixed,389,3.16260162601626,679,15,0,True,True,0.4066820256412029,1,
2,aomqtt-e5-closed-loop,e5-20260930T063929Z,1790750384.486259,e5-pub-T063929Z,e5_overlap5_fixed512,e5_overlap5_fixed512,e5/siteA/closedloop,aomqtt/v1/t/f5b00dbbca247255,whole,True,59691679,False,False,1,12,e5-pub-T063929Z:e5-20260930T063929Z:12,1,False,123,512,802,True,fixed,389,3.16260162601626,679,16,0,True,True,0.41049299761652946,1,
2,aomqtt-e5-closed-loop,e5-20260930T063929Z,1790750385.4864268,e5-pub-T063929Z,e5_overlap5_fixed512,e5_overlap5_fixed512,e5/siteA/closedloop,aomqtt/v1/t/f5b00dbbca247255,whole,True,59691679,False,False,1,13,e5-pub-T063929Z:e5-20260930T063929Z:13,1,False,123,512,802,True,fixed,389,3.16260162601626,679,17,0,True,True,0.38501201197505,1,
2,aomqtt-e5-closed-loop,e5-20260930T063929Z,1790750386.4863424,e5-pub-T063929Z,e5_overlap5_fixed512,e5_overlap5_fixed512,e5/siteA/closedloop,aomqtt/v1/t/f5b00dbbca247255,whole,True,59691679,False,False,1,14,e5-pub-T063929Z:e5-20260930T063929Z:14,1,False,123,512,802,True,fixed,389,3.16260162601626,679,18,0,True,True,0.37930801045149565,1,
2,aomqtt-e5-closed-loop,e5-20260930T063929Z,1790750387.4862564,e5-pub-T063929Z,e5_overlap5_fixed512,e5_overlap5_fixed512,e5/siteA/closedloop,aomqtt/v1/t/f5b00dbbca247255,whole,True,59691679,False,False,1,15,e5-pub-T063929Z:e5-20260930T063929Z:15,1,False,123,512,802,True,fixed,389,3.16260162601626,679,19,0,True,True,0.37946796510368586,1,
2,aomqtt-e5-closed-loop,e5-20260930T063929Z,1790750388.4864507,e5-pub-T063929Z,e5_overlap5_fixed512,e5_overlap5_fixed512,e5/siteA/closedloop,aomqtt/v1/t/f5b00dbbca247255,whole,True,59691679,False,False,1,16,e5-pub-T063929Z:e5-20260930T063929Z:16,1,False,123,512,802,True,fixed,389,3.16260162601626,679,20,0,True,True,0.3746490110643208,1,
2,aomqtt-e5-closed-loop,e5-20260930T063929Z,1790750389.4864268,e5-pub-T063929Z,e5_overlap5_fixed512,e5_overlap5_fixed512,e5/siteA/closedloop,aomqtt/v1/t/f5b00dbbca247255,whole,True,59691679,False,False,1,17,e5-pub-T063929Z:e5-20260930T063929Z:17,1,False,123,512,802,True,fixed,389,3.16260162601626,679,21,0,True,True,0.3509059897623956,1,
2,aomqtt-e5-closed-loop,e5-20260930T063929Z,1790750390.4863176,e5-pub-T063929Z,e5_overlap5_fixed512,e5_overlap5_fixed512,e5/siteA/closedloop,aomqtt/v1/t/f5b00dbbca247255,whole,True,59691679,False,False,1,18,e5-pub-T063929Z:e5-20260930T063929Z:18,1,False,123,512,802,True,fixed,389,3.16260162601626,679,22,0,True,True,0.38545101415365934,1,
2,aomqtt-e5-closed-loop,e5-20260930T063929Z,1790750391.486504,e5-pub-T063929Z,e5_overlap5_fixed512,e5_overlap5_fixed512,e5/siteA/closedloop,aomqtt/v1/t/f5b00dbbca247255,whole,True,59691679,False,False,1,19,e5-pub-T063929Z:e5-20260930T063929Z:19,1,False,123,512,802,True,fixed,389,3.16260162601626,679,23,0,True,True,0.4171250038780272,1,
2,aomqtt-e5-closed-loop,e5-20260930T063929Z,1790750392.486211,e5-pub-T063929Z,e5_overlap5_fixed512,e5_overlap5_fixed512,e5/siteA/closedloop,aomqtt/v1/t/f5b00dbbca247255,whole,True,59691679,False,False,1,20,e5-pub-T063929Z:e5-20260930T063929Z:20,1,False,121,512,802,True,fixed,391,3.231404958677686,681,24,0,True,True,0.3707630094140768,1,
2,aomqtt-e5-closed-loop,e5-20260930T063929Z,1790750393.4864495,e5-pub-T063929Z,e5_overlap5_fixed512,e5_overlap5_fixed512,e5/siteA/closedloop,aomqtt/v1/t/f5b00dbbca247255,whole,True,59691679,False,False,1,21,e5-pub-T063929Z:e5-20260930T063929Z:21,1,False,122,512,802,True,fixed,390,3.19672131147541,680,25,0,True,True,0.37489202804863453,1,
2,aomqtt-e5-closed-loop,e5-20260930T063929Z,1790750394.4862242,e5-pub-T063929Z,e5_overlap5_fixed512,e5_overlap5_fixed512,e5/siteA/closedloop,aomqtt/v1/t/f5b00dbbca247255,whole,True,59691679,False,False,1,22,e5-pub-T063929Z:e5-20260930T063929Z:22,1,False,122,512,802,True,fixed,390,3.19672131147541,680,26,0,True,True,0.37240999517962337,1,
2,aomqtt-e5-closed-loop,e5-20260930T063929Z,1790750395.4866097,e5-pub-T063929Z,e5_overlap5_fixed512,e5_overlap5_fixed512,e5/siteA/closedloop,aomqtt/v1/t/f5b00dbbca247255,whole,True,59691679,False,False,1,23,e5-pub-T063929Z:e5-20260930T063929Z:23,1,False,123,512,802,True,fixed,389,3.16260162601626,679,27,0,True,True,0.6971970433369279,1,
2,aomqtt-e5-closed-loop,e5-20260930T063929Z,1790750396.4862883,e5-pub-T063929Z,e5_overlap5_fixed512,e5_overlap5_fixed512,e5/siteA/closedloop,aomqtt/v1/t/f5b00dbbca247255,whole,True,59691679,False,False,1,24,e5-pub-T063929Z:e5-20260930T063929Z:24,1,False,123,512,802,True,fixed,389,3.16260162601626,679,28,0,True,True,0.3813399816863239,1,
2,aomqtt-e5-closed-loop,e5-20260930T063929Z,1790750397.4862826,e5-pub-T063929Z,e5_overlap5_fixed512,e5_overlap5_fixed512,e5/siteA/closedloop,aomqtt/v1/t/f5b00dbbca247255,whole,True,59691679,False,False,1,25,e5-pub-T063929Z:e5-20260930T063929Z:25,1,False,123,512,802,True,fixed,389,3.16260162601626,679,29,0,True,True,0.41092000901699066,1,
2,aomqtt-e5-closed-loop,e5-20260930T063929Z,1790750398.4865263,e5-pub-T063929Z,e5_overlap5_fixed512,e5_overlap5_fixed512,e5/siteA/closedloop,aomqtt/v1/t/f5b00dbbca247255,whole,True,59691679,False,False,1,26,e5-pub-T063929Z:e5-20260930T063929Z:26,1,False,123,512,802,True,fixed,389,3.16260162601626,679,30,0,True,True,0.44117600191384554,1,
2,aomqtt-e5-closed-loop,e5-20260930T063929Z,1790750399.4863183,e5-pub-T063929Z,e5_overlap5_fixed512,e5_overlap5_fixed512,e5/siteA/closedloop,aomqtt/v1/t/f5b00dbbca247255,whole,True,59691679,False,False,1,27,e5-pub-T063929Z:e5-20260930T063929Z:27,1,False,123,512,802,True,fixed,389,3.16260162601626,679,31,0,True,True,0.37821498699486256,1,
2,aomqtt-e5-closed-loop,e5-20260930T063929Z,1790750400.4864082,e5-pub-T063929Z,e5_overlap5_fixed512,e5_overlap5_fixed512,e5/siteA/closedloop,aomqtt/v1/t/c2dacac62e08c4bb,whole,True,59691680,True,False,2,28,e5-pub-T063929Z:e5-20260930T063929Z:28,1,False,123,512,802,True,fixed,389,3.16260162601626,679,32,0,True,True,0.3880509757436812,1,
2,aomqtt-e5-closed-loop,e5-20260930T063929Z,1790750400.487146,e5-pub-T063929Z,e5_overlap5_fixed512,e5_overlap5_fixed512,e5/siteA/closedloop,aomqtt/v1/t/f5b00dbbca247255,whole,True,59691679,True,True,2,28,e5-pub-T063929Z:e5-20260930T063929Z:28,1,False,123,512,802,True,fixed,389,3.16260162601626,679,33,0,True,True,0.5588710191659629,1,
2,aomqtt-e5-closed-loop,e5-20260930T063929Z,1790750401.4862807,e5-pub-T063929Z,e5_overlap5_fixed512,e5_overlap5_fixed512,e5/siteA/closedloop,aomqtt/v1/t/c2dacac62e08c4bb,whole,True,59691680,True,False,2,29,e5-pub-T063929Z:e5-20260930T063929Z:29,1,False,123,512,802,True,fixed,389,3.16260162601626,679,34,0,True,True,0.4009900148957968,1,
2,aomqtt-e5-closed-loop,e5-20260930T063929Z,1790750401.4867184,e5-pub-T063929Z,e5_overlap5_fixed512,e5_overlap5_fixed512,e5/siteA/closedloop,aomqtt/v1/t/f5b00dbbca247255,whole,True,59691679,True,True,2,29,e5-pub-T063929Z:e5-20260930T063929Z:29,1,False,123,512,802,True,fixed,389,3.16260162601626,679,35,0,True,True,0.2684370265342295,1,
2,aomqtt-e5-closed-loop,e5-20260930T063929Z,1790750402.4863997,e5-pub-T063929Z,e5_overlap5_fixed512,e5_overlap5_fixed512,e5/siteA/closedloop,aomqtt/v1/t/c2dacac62e08c4bb,whole,True,59691680,True,False,2,30,e5-pub-T063929Z:e5-20260930T063929Z:30,1,False,123,512,802,True,fixed,389,3.16260162601626,679,36,0,True,True,0.4027729737572372,1,
2,aomqtt-e5-closed-loop,e5-20260930T063929Z,1790750402.4868305,e5-pub-T063929Z,e5_overlap5_fixed512,e5_overlap5_fixed512,e5/siteA/closedloop,aomqtt/v1/t/f5b00dbbca247255,whole,True,59691679,True,True,2,30,e5-pub-T063929Z:e5-20260930T063929Z:30,1,False,123,512,802,True,fixed,389,3.16260162601626,679,37,0,True,True,0.26054203044623137,1,
2,aomqtt-e5-closed-loop,e5-20260930T063929Z,1790750403.4864187,e5-pub-T063929Z,e5_overlap5_fixed512,e5_overlap5_fixed512,e5/siteA/closedloop,aomqtt/v1/t/c2dacac62e08c4bb,whole,True,59691680,True,False,2,31,e5-pub-T063929Z:e5-20260930T063929Z:31,1,False,122,512,802,True,fixed,390,3.19672131147541,680,38,0,True,True,0.39281201316043735,1,
2,aomqtt-e5-closed-loop,e5-20260930T063929Z,1790750403.4868672,e5-pub-T063929Z,e5_overlap5_fixed512,e5_overlap5_fixed512,e5/siteA/closedloop,aomqtt/v1/t/f5b00dbbca247255,whole,True,59691679,True,True,2,31,e5-pub-T063929Z:e5-20260930T063929Z:31,1,False,122,512,802,True,fixed,390,3.19672131147541,680,39,0,True,True,0.2776689943857491,1,
2,aomqtt-e5-closed-loop,e5-20260930T063929Z,1790750404.4862874,e5-pub-T063929Z,e5_overlap5_fixed512,e5_overlap5_fixed512,e5/siteA/closedloop,aomqtt/v1/t/c2dacac62e08c4bb,whole,True,59691680,True,False,2,32,e5-pub-T063929Z:e5-20260930T063929Z:32,1,False,123,512,802,True,fixed,389,3.16260162601626,679,40,0,True,True,0.42766600381582975,1,
2,aomqtt-e5-closed-loop,e5-20260930T063929Z,1790750404.4867172,e5-pub-T063929Z,e5_overlap5_fixed512,e5_overlap5_fixed512,e5/siteA/closedloop,aomqtt/v1/t/f5b00dbbca247255,whole,True,59691679,True,True,2,32,e5-pub-T063929Z:e5-20260930T063929Z:32,1,False,123,512,802,True,fixed,389,3.16260162601626,679,41,0,True,True,0.25957199977710843,1,
2,aomqtt-e5-closed-loop,e5-20260930T063929Z,1790750405.4865253,e5-pub-T063929Z,e5_overlap5_fixed512,e5_overlap5_fixed512,e5/siteA/closedloop,aomqtt/v1/t/c2dacac62e08c4bb,whole,True,59691680,False,False,1,33,e5-pub-T063929Z:e5-20260930T063929Z:33,1,False,123,512,802,True,fixed,389,3.16260162601626,679,42,0,True,True,0.4335010307841003,1,
2,aomqtt-e5-closed-loop,e5-20260930T063929Z,1790750406.486518,e5-pub-T063929Z,e5_overlap5_fixed512,e5_overlap5_fixed512,e5/siteA/closedloop,aomqtt/v1/t/c2dacac62e08c4bb,whole,True,59691680,False,False,1,34,e5-pub-T063929Z:e5-20260930T063929Z:34,1,False,123,512,802,True,fixed,389,3.16260162601626,679,43,0,True,True,0.4559899680316448,1,
2,aomqtt-e5-closed-loop,e5-20260930T063929Z,1790750407.4863577,e5-pub-T063929Z,e5_overlap5_fixed512,e5_overlap5_fixed512,e5/siteA/closedloop,aomqtt/v1/t/c2dacac62e08c4bb,whole,True,59691680,False,False,1,35,e5-pub-T063929Z:e5-20260930T063929Z:35,1,False,122,512,802,True,fixed,390,3.19672131147541,680,44,0,True,True,0.36653399001806974,1,
2,aomqtt-e5-closed-loop,e5-20260930T063929Z,1790750408.4863944,e5-pub-T063929Z,e5_overlap5_fixed512,e5_overlap5_fixed512,e5/siteA/closedloop,aomqtt/v1/t/c2dacac62e08c4bb,whole,True,59691680,False,False,1,36,e5-pub-T063929Z:e5-20260930T063929Z:36,1,False,123,512,802,True,fixed,389,3.16260162601626,679,45,0,True,True,0.3893640241585672,1,
2,aomqtt-e5-closed-loop,e5-20260930T063929Z,1790750409.4864569,e5-pub-T063929Z,e5_overlap5_fixed512,e5_overlap5_fixed512,e5/siteA/closedloop,aomqtt/v1/t/c2dacac62e08c4bb,whole,True,59691680,False,False,1,37,e5-pub-T063929Z:e5-20260930T063929Z:37,1,False,122,512,802,True,fixed,390,3.19672131147541,680,46,0,True,True,0.4371920367702842,1,
2,aomqtt-e5-closed-loop,e5-20260930T063929Z,1790750410.4864945,e5-pub-T063929Z,e5_overlap5_fixed512,e5_overlap5_fixed512,e5/siteA/closedloop,aomqtt/v1/t/c2dacac62e08c4bb,whole,True,59691680,False,False,1,38,e5-pub-T063929Z:e5-20260930T063929Z:38,1,False,122,512,802,True,fixed,390,3.19672131147541,680,47,0,True,True,0.47801999608054757,1,
2,aomqtt-e5-closed-loop,e5-20260930T063929Z,1790750411.486181,e5-pub-T063929Z,e5_overlap5_fixed512,e5_overlap5_fixed512,e5/siteA/closedloop,aomqtt/v1/t/c2dacac62e08c4bb,whole,True,59691680,False,False,1,39,e5-pub-T063929Z:e5-20260930T063929Z:39,1,False,123,512,802,True,fixed,389,3.16260162601626,679,48,0,True,True,0.34312502248212695,1,
2,aomqtt-e5-closed-loop,e5-20260930T063929Z,1790750412.4864957,e5-pub-T063929Z,e5_overlap5_fixed512,e5_overlap5_fixed512,e5/siteA/closedloop,aomqtt/v1/t/c2dacac62e08c4bb,whole,True,59691680,False,False,1,40,e5-pub-T063929Z:e5-20260930T063929Z:40,1,False,122,512,802,True,fixed,390,3.19672131147541,680,49,0,True,True,0.478428031783551,1,
2,aomqtt-e5-closed-loop,e5-20260930T063929Z,1790750413.4862921,e5-pub-T063929Z,e5_overlap5_fixed512,e5_overlap5_fixed512,e5/siteA/closedloop,aomqtt/v1/t/c2dacac62e08c4bb,whole,True,59691680,False,False,1,41,e5-pub-T063929Z:e5-20260930T063929Z:41,1,False,123,512,802,True,fixed,389,3.16260162601626,679,50,0,True,True,0.36523904418572783,1,
2,aomqtt-e5-closed-loop,e5-20260930T063929Z,1790750414.4862618,e5-pub-T063929Z,e5_overlap5_fixed512,e5_overlap5_fixed512,e5/siteA/closedloop,aomqtt/v1/t/c2dacac62e08c4bb,whole,True,59691680,False,False,1,42,e5-pub-T063929Z:e5-20260930T063929Z:42,1,False,123,512,802,True,fixed,389,3.16260162601626,679,51,0,True,True,0.37332403007894754,1,
2,aomqtt-e5-closed-loop,e5-20260930T063929Z,1790750415.486365,e5-pub-T063929Z,e5_overlap5_fixed512,e5_overlap5_fixed512,e5/siteA/closedloop,aomqtt/v1/t/c2dacac62e08c4bb,whole,True,59691680,False,False,1,43,e5-pub-T063929Z:e5-20260930T063929Z:43,1,False,123,512,802,True,fixed,389,3.16260162601626,679,52,0,True,True,0.45100203715264797,1,
2,aomqtt-e5-closed-loop,e5-20260930T063929Z,1790750416.4864597,e5-pub-T063929Z,e5_overlap5_fixed512,e5_overlap5_fixed512,e5/siteA/closedloop,aomqtt/v1/t/c2dacac62e08c4bb,whole,True,59691680,False,False,1,44,e5-pub-T063929Z:e5-20260930T063929Z:44,1,False,122,512,802,True,fixed,390,3.19672131147541,680,53,0,True,True,0.4404549836181104,1,
2,aomqtt-e5-closed-loop,e5-20260930T063929Z,1790750417.486475,e5-pub-T063929Z,e5_overlap5_fixed512,e5_overlap5_fixed512,e5/siteA/closedloop,aomqtt/v1/t/c2dacac62e08c4bb,whole,True,59691680,False,False,1,45,e5-pub-T063929Z:e5-20260930T063929Z:45,1,False,123,512,802,True,fixed,389,3.16260162601626,679,54,0,True,True,0.4516380140557885,1,
2,aomqtt-e5-closed-loop,e5-20260930T063929Z,1790750418.486336,e5-pub-T063929Z,e5_overlap5_fixed512,e5_overlap5_fixed512,e5/siteA/closedloop,aomqtt/v1/t/c2dacac62e08c4bb,whole,True,59691680,False,False,1,46,e5-pub-T063929Z:e5-20260930T063929Z:46,1,False,122,512,802,True,fixed,390,3.19672131147541,680,55,0,True,True,0.4118040087632835,1,
2,aomqtt-e5-closed-loop,e5-20260930T063929Z,1790750419.4863508,e5-pub-T063929Z,e5_overlap5_fixed512,e5_overlap5_fixed512,e5/siteA/closedloop,aomqtt/v1/t/c2dacac62e08c4bb,whole,True,59691680,False,False,1,47,e5-pub-T063929Z:e5-20260930T063929Z:47,1,False,123,512,802,True,fixed,389,3.16260162601626,679,56,0,True,True,0.3909770166501403,1,
2,aomqtt-e5-closed-loop,e5-20260930T063929Z,1790750420.4864242,e5-pub-T063929Z,e5_overlap5_fixed512,e5_overlap5_fixed512,e5/siteA/closedloop,aomqtt/v1/t/c2dacac62e08c4bb,whole,True,59691680,False,False,1,48,e5-pub-T063929Z:e5-20260930T063929Z:48,1,False,122,512,802,True,fixed,390,3.19672131147541,680,57,0,True,True,0.4415280418470502,1,
2,aomqtt-e5-closed-loop,e5-20260930T063929Z,1790750421.4864767,e5-pub-T063929Z,e5_overlap5_fixed512,e5_overlap5_fixed512,e5/siteA/closedloop,aomqtt/v1/t/c2dacac62e08c4bb,whole,True,59691680,False,False,1,49,e5-pub-T063929Z:e5-20260930T063929Z:49,1,False,123,512,802,True,fixed,389,3.16260162601626,679,58,0,True,True,0.4437249735929072,1,
2,aomqtt-e5-closed-loop,e5-20260930T063929Z,1790750422.4863017,e5-pub-T063929Z,e5_overlap5_fixed512,e5_overlap5_fixed512,e5/siteA/closedloop,aomqtt/v1/t/c2dacac62e08c4bb,whole,True,59691680,False,False,1,50,e5-pub-T063929Z:e5-20260930T063929Z:50,1,False,122,512,802,True,fixed,390,3.19672131147541,680,59,0,True,True,0.42300799395889044,1,
2,aomqtt-e5-closed-loop,e5-20260930T063929Z,1790750423.486523,e5-pub-T063929Z,e5_overlap5_fixed512,e5_overlap5_fixed512,e5/siteA/closedloop,aomqtt/v1/t/c2dacac62e08c4bb,whole,True,59691680,False,False,1,51,e5-pub-T063929Z:e5-20260930T063929Z:51,1,False,123,512,802,True,fixed,389,3.16260162601626,679,60,0,True,True,0.4950869479216635,1,
2,aomqtt-e5-closed-loop,e5-20260930T063929Z,1790750424.486188,e5-pub-T063929Z,e5_overlap5_fixed512,e5_overlap5_fixed512,e5/siteA/closedloop,aomqtt/v1/t/c2dacac62e08c4bb,whole,True,59691680,False,False,1,52,e5-pub-T063929Z:e5-20260930T063929Z:52,1,False,123,512,802,True,fixed,389,3.16260162601626,679,61,0,True,True,0.3503540065139532,1,
2,aomqtt-e5-closed-loop,e5-20260930T063929Z,1790750425.486394,e5-pub-T063929Z,e5_overlap5_fixed512,e5_overlap5_fixed512,e5/siteA/closedloop,aomqtt/v1/t/c2dacac62e08c4bb,whole,True,59691680,False,False,1,53,e5-pub-T063929Z:e5-20260930T063929Z:53,1,False,123,512,802,True,fixed,389,3.16260162601626,679,62,0,True,True,0.4047689726576209,1,
2,aomqtt-e5-closed-loop,e5-20260930T063929Z,1790750426.4864316,e5-pub-T063929Z,e5_overlap5_fixed512,e5_overlap5_fixed512,e5/siteA/closedloop,aomqtt/v1/t/c2dacac62e08c4bb,whole,True,59691680,False,False,1,54,e5-pub-T063929Z:e5-20260930T063929Z:54,1,False,123,512,802,True,fixed,389,3.16260162601626,679,63,0,True,True,0.41223596781492233,1,
2,aomqtt-e5-closed-loop,e5-20260930T063929Z,1790750427.4863267,e5-pub-T063929Z,e5_overlap5_fixed512,e5_overlap5_fixed512,e5/siteA/closedloop,aomqtt/v1/t/c2dacac62e08c4bb,whole,True,59691680,False,False,1,55,e5-pub-T063929Z:e5-20260930T063929Z:55,1,False,123,512,802,True,fixed,389,3.16260162601626,679,64,0,True,True,0.35197800025343895,1,
2,aomqtt-e5-closed-loop,e5-20260930T063929Z,1790750428.4862714,e5-pub-T063929Z,e5_overlap5_fixed512,e5_overlap5_fixed512,e5/siteA/closedloop,aomqtt/v1/t/c2dacac62e08c4bb,whole,True,59691680,False,False,1,56,e5-pub-T063929Z:e5-20260930T063929Z:56,1,False,122,512,802,True,fixed,390,3.19672131147541,680,65,0,True,True,0.3797310055233538,1,
2,aomqtt-e5-closed-loop,e5-20260930T063929Z,1790750429.4864335,e5-pub-T063929Z,e5_overlap5_fixed512,e5_overlap5_fixed512,e5/siteA/closedloop,aomqtt/v1/t/c2dacac62e08c4bb,whole,True,59691680,False,False,1,57,e5-pub-T063929Z:e5-20260930T063929Z:57,1,False,123,512,802,True,fixed,389,3.16260162601626,679,66,0,True,True,0.41107303695753217,1,
2,aomqtt-e5-closed-loop,e5-20260930T063929Z,1790750430.4863763,e5-pub-T063929Z,e5_overlap5_fixed512,e5_overlap5_fixed512,e5/siteA/closedloop,aomqtt/v1/t/b8dce974c4cde3d1,whole,True,59691681,True,False,2,58,e5-pub-T063929Z:e5-20260930T063929Z:58,1,False,124,512,802,True,fixed,388,3.129032258064516,678,67,0,True,True,0.345064967405051,1,
2,aomqtt-e5-closed-loop,e5-20260930T063929Z,1790750430.4868345,e5-pub-T063929Z,e5_overlap5_fixed512,e5_overlap5_fixed512,e5/siteA/closedloop,aomqtt/v1/t/c2dacac62e08c4bb,whole,True,59691680,True,True,2,58,e5-pub-T063929Z:e5-20260930T063929Z:58,1,False,124,512,802,True,fixed,388,3.129032258064516,678,68,0,True,True,0.2924859873019159,1,
2,aomqtt-e5-closed-loop,e5-20260930T063929Z,1790750431.48649,e5-pub-T063929Z,e5_overlap5_fixed512,e5_overlap5_fixed512,e5/siteA/closedloop,aomqtt/v1/t/b8dce974c4cde3d1,whole,True,59691681,True,False,2,59,e5-pub-T063929Z:e5-20260930T063929Z:59,1,False,124,512,802,True,fixed,388,3.129032258064516,678,69,0,True,True,0.4694010131061077,1,
2,aomqtt-e5-closed-loop,e5-20260930T063929Z,1790750431.4869163,e5-pub-T063929Z,e5_overlap5_fixed512,e5_overlap5_fixed512,e5/siteA/closedloop,aomqtt/v1/t/c2dacac62e08c4bb,whole,True,59691680,True,True,2,59,e5-pub-T063929Z:e5-20260930T063929Z:59,1,False,124,512,802,True,fixed,388,3.129032258064516,678,70,0,True,True,0.2605969784781337,1,
2,aomqtt-e5-closed-loop,e5-20260930T063929Z,1790750432.4862566,e5-pub-T063929Z,e5_overlap5_fixed512,e5_overlap5_fixed512,e5/siteA/closedloop,aomqtt/v1/t/b8dce974c4cde3d1,whole,True,59691681,True,False,2,60,e5-pub-T063929Z:e5-20260930T063929Z:60,1,False,124,512,802,True,fixed,388,3.129032258064516,678,71,0,True,True,0.3339779796078801,1,
2,aomqtt-e5-closed-loop,e5-20260930T063929Z,1790750432.4866745,e5-pub-T063929Z,e5_overlap5_fixed512,e5_overlap5_fixed512,e5/siteA/closedloop,aomqtt/v1/t/c2dacac62e08c4bb,whole,True,59691680,True,True,2,60,e5-pub-T063929Z:e5-20260930T063929Z:60,1,False,124,512,802,True,fixed,388,3.129032258064516,678,72,0,True,True,0.2521150163374841,1,
2,aomqtt-e5-closed-loop,e5-20260930T063929Z,1790750433.4863875,e5-pub-T063929Z,e5_overlap5_fixed512,e5_overlap5_fixed512,e5/siteA/closedloop,aomqtt/v1/t/b8dce974c4cde3d1,whole,True,59691681,True,False,2,61,e5-pub-T063929Z:e5-20260930T063929Z:61,1,False,124,512,802,True,fixed,388,3.129032258064516,678,73,0,True,True,0.3681399975903332,1,
2,aomqtt-e5-closed-loop,e5-20260930T063929Z,1790750433.4868054,e5-pub-T063929Z,e5_overlap5_fixed512,e5_overlap5_fixed512,e5/siteA/closedloop,aomqtt/v1/t/c2dacac62e08c4bb,whole,True,59691680,True,True,2,61,e5-pub-T063929Z:e5-20260930T063929Z:61,1,False,124,512,802,True,fixed,388,3.129032258064516,678,74,0,True,True,0.2541799913160503,1,
2,aomqtt-e5-closed-loop,e5-20260930T063929Z,1790750434.4864924,e5-pub-T063929Z,e5_overlap5_fixed512,e5_overlap5_fixed512,e5/siteA/closedloop,aomqtt/v1/t/b8dce974c4cde3d1,whole,True,59691681,True,False,2,62,e5-pub-T063929Z:e5-20260930T063929Z:62,1,False,124,512,802,True,fixed,388,3.129032258064516,678,75,0,True,True,0.4698350094258785,1,
2,aomqtt-e5-closed-loop,e5-20260930T063929Z,1790750434.4869225,e5-pub-T063929Z,e5_overlap5_fixed512,e5_overlap5_fixed512,e5/siteA/closedloop,aomqtt/v1/t/c2dacac62e08c4bb,whole,True,59691680,True,True,2,62,e5-pub-T063929Z:e5-20260930T063929Z:62,1,False,124,512,802,True,fixed,388,3.129032258064516,678,76,0,True,True,0.27188099920749664,1,
2,aomqtt-e5-closed-loop,e5-20260930T063929Z,1790750435.4866354,e5-pub-T063929Z,e5_overlap5_fixed512,e5_overlap5_fixed512,e5/siteA/closedloop,aomqtt/v1/t/b8dce974c4cde3d1,whole,True,59691681,False,False,1,63,e5-pub-T063929Z:e5-20260930T063929Z:63,1,False,124,512,802,True,fixed,388,3.129032258064516,678,77,0,True,True,0.512497965246439,1,
2,aomqtt-e5-closed-loop,e5-20260930T063929Z,1790750436.4863076,e5-pub-T063929Z,e5_overlap5_fixed512,e5_overlap5_fixed512,e5/siteA/closedloop,aomqtt/v1/t/b8dce974c4cde3d1,whole,True,59691681,False,False,1,64,e5-pub-T063929Z:e5-20260930T063929Z:64,1,False,124,512,802,True,fixed,388,3.129032258064516,678,78,0,True,True,0.43900799937546253,1,
2,aomqtt-e5-closed-loop,e5-20260930T063929Z,1790750437.4862206,e5-pub-T063929Z,e5_overlap5_fixed512,e5_overlap5_fixed512,e5/siteA/closedloop,aomqtt/v1/t/b8dce974c4cde3d1,whole,True,59691681,False,False,1,65,e5-pub-T063929Z:e5-20260930T063929Z:65,1,False,124,512,802,True,fixed,388,3.129032258064516,678,79,0,True,True,0.37274102214723825,1,
2,aomqtt-e5-closed-loop,e5-20260930T063929Z,1790750438.486502,e5-pub-T063929Z,e5_overlap5_fixed512,e5_overlap5_fixed512,e5/siteA/closedloop,aomqtt/v1/t/b8dce974c4cde3d1,whole,True,59691681,False,False,1,66,e5-pub-T063929Z:e5-20260930T063929Z:66,1,False,124,512,802,True,fixed,388,3.129032258064516,678,80,0,True,True,0.5541600403375924,1,
2,aomqtt-e5-closed-loop,e5-20260930T063929Z,1790750439.4863234,e5-pub-T063929Z,e5_overlap5_fixed512,e5_overlap5_fixed512,e5/siteA/closedloop,aomqtt/v1/t/b8dce974c4cde3d1,whole,True,59691681,False,False,1,67,e5-pub-T063929Z:e5-20260930T063929Z:67,1,False,124,512,802,True,fixed,388,3.129032258064516,678,81,0,True,True,0.3499970189295709,1,
2,aomqtt-e5-closed-loop,e5-20260930T063929Z,1790750440.4864504,e5-pub-T063929Z,e5_overlap5_fixed512,e5_overlap5_fixed512,e5/siteA/closedloop,aomqtt/v1/t/b8dce974c4cde3d1,whole,True,59691681,False,False,1,68,e5-pub-T063929Z:e5-20260930T063929Z:68,1,False,124,512,802,True,fixed,388,3.129032258064516,678,82,0,True,True,0.39179797749966383,1,
2,aomqtt-e5-closed-loop,e5-20260930T063929Z,1790750441.4864678,e5-pub-T063929Z,e5_overlap5_fixed512,e5_overlap5_fixed512,e5/siteA/closedloop,aomqtt/v1/t/b8dce974c4cde3d1,whole,True,59691681,False,False,1,69,e5-pub-T063929Z:e5-20260930T063929Z:69,1,False,124,512,802,True,fixed,388,3.129032258064516,678,83,0,True,True,0.43160299537703395,1,
2,aomqtt-e5-closed-loop,e5-20260930T063929Z,1790750442.4863772,e5-pub-T063929Z,e5_overlap5_fixed512,e5_overlap5_fixed512,e5/siteA/closedloop,aomqtt/v1/t/b8dce974c4cde3d1,whole,True,59691681,False,False,1,70,e5-pub-T063929Z:e5-20260930T063929Z:70,1,False,124,512,802,True,fixed,388,3.129032258064516,678,84,0,True,True,0.3699850058183074,1,
2,aomqtt-e5-closed-loop,e5-20260930T063929Z,1790750443.486453,e5-pub-T063929Z,e5_overlap5_fixed512,e5_overlap5_fixed512,e5/siteA/closedloop,aomqtt/v1/t/b8dce974c4cde3d1,whole,True,59691681,False,False,1,71,e5-pub-T063929Z:e5-20260930T063929Z:71,1,False,124,512,802,True,fixed,388,3.129032258064516,678,85,0,True,True,0.42258499888703227,1,
2,aomqtt-e5-closed-loop,e5-20260930T063929Z,1790750444.486497,e5-pub-T063929Z,e5_overlap5_fixed512,e5_overlap5_fixed512,e5/siteA/closedloop,aomqtt/v1/t/b8dce974c4cde3d1,whole,True,59691681,False,False,1,72,e5-pub-T063929Z:e5-20260930T063929Z:72,1,False,123,512,802,True,fixed,389,3.16260162601626,679,86,0,True,True,0.4593009944073856,1,
2,aomqtt-e5-closed-loop,e5-20260930T063929Z,1790750445.486356,e5-pub-T063929Z,e5_overlap5_fixed512,e5_overlap5_fixed512,e5/siteA/closedloop,aomqtt/v1/t/b8dce974c4cde3d1,whole,True,59691681,False,False,1,73,e5-pub-T063929Z:e5-20260930T063929Z:73,1,False,124,512,802,True,fixed,388,3.129032258064516,678,87,0,True,True,0.40199601789936423,1,
2,aomqtt-e5-closed-loop,e5-20260930T063929Z,1790750446.4865468,e5-pub-T063929Z,e5_overlap5_fixed512,e5_overlap5_fixed512,e5/siteA/closedloop,aomqtt/v1/t/b8dce974c4cde3d1,whole,True,59691681,False,False,1,74,e5-pub-T063929Z:e5-20260930T063929Z:74,1,False,124,512,802,True,fixed,388,3.129032258064516,678,88,0,True,True,0.4544110270217061,1,
2,aomqtt-e5-closed-loop,e5-20260930T063929Z,1790750447.486564,e5-pub-T063929Z,e5_overlap5_fixed512,e5_overlap5_fixed512,e5/siteA/closedloop,aomqtt/v1/t/b8dce974c4cde3d1,whole,True,59691681,False,False,1,75,e5-pub-T063929Z:e5-20260930T063929Z:75,1,False,123,512,802,True,fixed,389,3.16260162601626,679,89,0,True,True,0.5406889831647277,1,
2,aomqtt-e5-closed-loop,e5-20260930T063929Z,1790750448.4863853,e5-pub-T063929Z,e5_overlap5_fixed512,e5_overlap5_fixed512,e5/siteA/closedloop,aomqtt/v1/t/b8dce974c4cde3d1,whole,True,59691681,False,False,1,76,e5-pub-T063929Z:e5-20260930T063929Z:76,1,False,124,512,802,True,fixed,388,3.129032258064516,678,90,0,True,True,0.3837529802694917,1,
2,aomqtt-e5-closed-loop,e5-20260930T063929Z,1790750449.4864347,e5-pub-T063929Z,e5_overlap5_fixed512,e5_overlap5_fixed512,e5/siteA/closedloop,aomqtt/v1/t/b8dce974c4cde3d1,whole,True,59691681,False,False,1,77,e5-pub-T063929Z:e5-20260930T063929Z:77,1,False,124,512,802,True,fixed,388,3.129032258064516,678,91,0,True,True,0.5250339745543897,1,
2,aomqtt-e5-closed-loop,e5-20260930T063929Z,1790750450.486365,e5-pub-T063929Z,e5_overlap5_fixed512,e5_overlap5_fixed512,e5/siteA/closedloop,aomqtt/v1/t/b8dce974c4cde3d1,whole,True,59691681,False,False,1,78,e5-pub-T063929Z:e5-20260930T063929Z:78,1,False,124,512,802,True,fixed,388,3.129032258064516,678,92,0,True,True,0.4673699731938541,1,
2,aomqtt-e5-closed-loop,e5-20260930T063929Z,1790750451.4865074,e5-pub-T063929Z,e5_overlap5_fixed512,e5_overlap5_fixed512,e5/siteA/closedloop,aomqtt/v1/t/b8dce974c4cde3d1,whole,True,59691681,False,False,1,79,e5-pub-T063929Z:e5-20260930T063929Z:79,1,False,123,512,802,True,fixed,389,3.16260162601626,679,93,0,True,True,0.43802999425679445,1,
2,aomqtt-e5-closed-loop,e5-20260930T063929Z,1790750452.4863856,e5-pub-T063929Z,e5_overlap5_fixed512,e5_overlap5_fixed512,e5/siteA/closedloop,aomqtt/v1/t/b8dce974c4cde3d1,whole,True,59691681,False,False,1,80,e5-pub-T063929Z:e5-20260930T063929Z:80,1,False,124,512,802,True,fixed,388,3.129032258064516,678,94,0,True,True,0.37292600609362125,1,
2,aomqtt-e5-closed-loop,e5-20260930T063929Z,1790750453.4862275,e5-pub-T063929Z,e5_overlap5_fixed512,e5_overlap5_fixed512,e5/siteA/closedloop,aomqtt/v1/t/b8dce974c4cde3d1,whole,True,59691681,False,False,1,81,e5-pub-T063929Z:e5-20260930T063929Z:81,1,False,124,512,802,True,fixed,388,3.129032258064516,678,95,0,True,True,0.3837759722955525,1,
2,aomqtt-e5-closed-loop,e5-20260930T063929Z,1790750454.4862607,e5-pub-T063929Z,e5_overlap5_fixed512,e5_overlap5_fixed512,e5/siteA/closedloop,aomqtt/v1/t/b8dce974c4cde3d1,whole,True,59691681,False,False,1,82,e5-pub-T063929Z:e5-20260930T063929Z:82,1,False,124,512,802,True,fixed,388,3.129032258064516,678,96,0,True,True,0.39286300307139754,1,
2,aomqtt-e5-closed-loop,e5-20260930T063929Z,1790750455.4863183,e5-pub-T063929Z,e5_overlap5_fixed512,e5_overlap5_fixed512,e5/siteA/closedloop,aomqtt/v1/t/b8dce974c4cde3d1,whole,True,59691681,False,False,1,83,e5-pub-T063929Z:e5-20260930T063929Z:83,1,False,123,512,802,True,fixed,389,3.16260162601626,679,97,0,True,True,0.35836698953062296,1,
2,aomqtt-e5-closed-loop,e5-20260930T063929Z,1790750456.4864254,e5-pub-T063929Z,e5_overlap5_fixed512,e5_overlap5_fixed512,e5/siteA/closedloop,aomqtt/v1/t/b8dce974c4cde3d1,whole,True,59691681,False,False,1,84,e5-pub-T063929Z:e5-20260930T063929Z:84,1,False,124,512,802,True,fixed,388,3.129032258064516,678,98,0,True,True,0.36420096876099706,1,
2,aomqtt-e5-closed-loop,e5-20260930T063929Z,1790750457.4864297,e5-pub-T063929Z,e5_overlap5_fixed512,e5_overlap5_fixed512,e5/siteA/closedloop,aomqtt/v1/t/b8dce974c4cde3d1,whole,True,59691681,False,False,1,85,e5-pub-T063929Z:e5-20260930T063929Z:85,1,False,123,512,802,True,fixed,389,3.16260162601626,679,99,0,True,True,0.39510399801656604,1,
2,aomqtt-e5-closed-loop,e5-20260930T063929Z,1790750458.486247,e5-pub-T063929Z,e5_overlap5_fixed512,e5_overlap5_fixed512,e5/siteA/closedloop,aomqtt/v1/t/b8dce974c4cde3d1,whole,True,59691681,False,False,1,86,e5-pub-T063929Z:e5-20260930T063929Z:86,1,False,124,512,802,True,fixed,388,3.129032258064516,678,100,0,True,True,0.39050396298989654,1,
2,aomqtt-e5-closed-loop,e5-20260930T063929Z,1790750459.48647,e5-pub-T063929Z,e5_overlap5_fixed512,e5_overlap5_fixed512,e5/siteA/closedloop,aomqtt/v1/t/b8dce974c4cde3d1,whole,True,59691681,False,False,1,87,e5-pub-T063929Z:e5-20260930T063929Z:87,1,False,123,512,802,True,fixed,389,3.16260162601626,679,101,0,True,True,0.44712499948218465,1,
2,aomqtt-e5-closed-loop,e5-20260930T063929Z,1790750460.4864967,e5-pub-T063929Z,e5_overlap5_fixed512,e5_overlap5_fixed512,e5/siteA/closedloop,aomqtt/v1/t/bb4fa3f1a098833f,whole,True,59691682,True,False,2,88,e5-pub-T063929Z:e5-20260930T063929Z:88,1,False,123,512,802,True,fixed,389,3.16260162601626,679,102,0,True,True,0.4769620136357844,1,
2,aomqtt-e5-closed-loop,e5-20260930T063929Z,1790750460.4869165,e5-pub-T063929Z,e5_overlap5_fixed512,e5_overlap5_fixed512,e5/siteA/closedloop,aomqtt/v1/t/b8dce974c4cde3d1,whole,True,59691681,True,True,2,88,e5-pub-T063929Z:e5-20260930T063929Z:88,1,False,123,512,802,True,fixed,389,3.16260162601626,679,103,0,True,True,0.25655003264546394,1,
2,aomqtt-e5-closed-loop,e5-20260930T063929Z,1790750461.4863577,e5-pub-T063929Z,e5_overlap5_fixed512,e5_overlap5_fixed512,e5/siteA/closedloop,aomqtt/v1/t/bb4fa3f1a098833f,whole,True,59691682,True,False,2,89,e5-pub-T063929Z:e5-20260930T063929Z:89,1,False,124,512,802,True,fixed,388,3.129032258064516,678,104,0,True,True,0.34134997986257076,1,
2,aomqtt-e5-closed-loop,e5-20260930T063929Z,1790750461.4867806,e5-pub-T063929Z,e5_overlap5_fixed512,e5_overlap5_fixed512,e5/siteA/closedloop,aomqtt/v1/t/b8dce974c4cde3d1,whole,True,59691681,True,True,2,89,e5-pub-T063929Z:e5-20260930T063929Z:89,1,False,124,512,802,True,fixed,388,3.129032258064516,678,105,0,True,True,0.25453302077949047,1,
