run,run_id,publisher,client_id,physical_rows,physical_success,unique_logical,effective_rate_msg_s,first_metric_timestamp,last_metric_timestamp,publish_complete_mean_ms,publish_complete_p95_ms,publish_complete_max_ms,log_avg_complete_ms,log_p95_complete_ms,pacing_deadline_miss,pacing_late_max_ms,payload_bytes_total,logical_payload_bytes,payload_bytes_per_logical,resource_samples,cpu_mean_one_core_pct,cpu_p95_one_core_pct,cpu_max_one_core_pct,rss_mean_kib,rss_max_kib,subscriber_unique_observations,subscriber_observed_duplicates,delivery_latency_mean_ms,delivery_latency_p95_ms,delivery_latency_p99_ms,delivery_latency_max_ms
r01,e3-mc4-plain-fr-r01,1,e3-mc4-plain-pub1,6000,6000,6000,99.99987320392228,1790478640.8207233,1790478700.8107994,0.3513450185164402,0.4234996547893389,0.8545829987269826,0.351,0.423,0,0.0,780997,780997,130.16616666666667,61,2.8524587377049184,3.999997,9.999973,25677.639344262294,27648.0,30000,0,0.29123706022898355,0.3924369812011719,0.5512237548828125,31.786203384399414
r01,e3-mc4-plain-fr-r01,2,e3-mc4-plain-pub2,6000,6000,6000,99.99984180699933,1790478640.820429,1790478700.810524,0.39067166197734576,0.5447583273053171,0.9414090309292078,0.391,0.545,0,0.0,781129,781129,130.18816666666666,61,3.1311478032786884,4.000032,10.999981,25811.93442622951,27648.0,30000,0,0.339995813369751,0.5064010620117188,0.6306195259094235,31.99315071105957
r01,e3-mc4-plain-fr-r01,3,e3-mc4-plain-pub3,6000,6000,6000,99.9997754363537,1790478640.8194263,1790478700.809561,0.37613903733047965,0.5637936585117131,0.9012200171127915,0.376,0.564,0,0.0,781249,781249,130.20816666666667,61,3.0983498524590165,4.000173,5.999726,25832.918032786885,27776.0,30000,0,0.33622667789459226,0.5311965942382812,0.6449246406555172,32.87911415100098
r01,e3-mc4-plain-fr-r01,4,e3-mc4-plain-pub4,6000,6000,6000,99.99988631909845,1790478640.8209622,1790478700.8110304,0.32568422734038904,0.39725530659779906,0.7610839093104005,0.326,0.397,0,0.0,781170,781170,130.195,61,2.5901638524590167,4.000001,10.000047,25782.55737704918,27776.0,30000,0,0.26712142626444496,0.3280758857727049,0.4568123817443844,31.64362907409668
r01,e3-mc4-plain-fr-r01,5,e3-mc4-plain-pub5,6000,6000,6000,99.99978179521415,1790478640.8182166,1790478700.8083475,0.3882689108334792,0.5716200801543891,0.7949569262564182,0.388,0.572,0,0.0,781221,781221,130.2035,61,3.3770571147540984,4.000178,10.0007,25816.131147540982,27648.0,30000,0,0.3807109673817953,0.5924701690673828,0.6799697875976562,33.927202224731445
r02,e3-mc4-plain-fr-r02,1,e3-mc4-plain-pub1,6000,6000,6000,99.99980325637408,1790478912.8707983,1790478972.8609164,0.37875635379775,0.5747354469349375,0.8501990014337935,0.379,0.575,0,0.0,781216,781216,130.20266666666666,61,3.3442706229508197,4.999886,10.000396,25671.344262295082,27520.0,30000,0,0.38929776350657147,0.705718994140625,0.9155297279357907,7.706403732299805
r02,e3-mc4-plain-fr-r02,2,e3-mc4-plain-pub2,6000,6000,6000,99.9998887036763,1790478912.872711,1790478972.8627777,0.3843670419882983,0.5880175274796785,0.7429990218952298,0.384,0.588,0,0.0,781121,781121,130.18683333333334,61,3.2295134098360654,4.000016,11.000335,25809.83606557377,27776.0,30000,0,0.35170926253000895,0.5681514739990234,0.6701946258544922,5.958318710327148
r02,e3-mc4-plain-fr-r02,3,e3-mc4-plain-pub3,6000,6000,6000,99.99979769236877,1790478912.8708484,1790478972.8609698,0.39608296687947586,0.5500675062648952,1.3764529721811414,0.396,0.55,0,0.0,781182,781182,130.197,61,3.2623038524590164,4.000036,11.000491,25839.213114754097,27776.0,30000,0,0.44122016429901123,0.7028579711914062,0.8473443984985344,2.4449825286865234
r02,e3-mc4-plain-fr-r02,4,e3-mc4-plain-pub4,6000,6000,6000,99.99979451293744,1790478912.8777308,1790478972.867854,0.4137603436829522,0.5938441143371165,2.315877005457878,0.414,0.594,0,0.0,781212,781212,130.202,61,3.9672137377049177,5.000002,9.000397,25776.262295081968,27776.0,30000,0,0.4064430475234985,0.6318092346191406,0.6976127624511719,1.6744136810302734
r02,e3-mc4-plain-fr-r02,5,e3-mc4-plain-pub5,6000,6000,6000,99.99988949853562,1790478912.8730886,1790478972.863155,0.31424048866999027,0.34971911809407175,0.5797420162707567,0.314,0.35,0,0.0,781227,781227,130.2045,61,2.688530163934426,3.999934,10.000233,25805.639344262294,27648.0,30000,0,0.2670530478159587,0.3991127014160156,0.5531382560729969,5.694866180419922
r03,e3-mc4-plain-fr-r03,1,e3-mc4-plain-pub1,6000,6000,6000,99.99978020549895,1790479306.5271344,1790479366.5172663,0.5013698631203928,0.7224378983664792,0.9972379993996583,0.501,0.722,0,0.0,781131,781131,130.1885,61,3.754104262295082,4.000042,10.000438,25671.344262295082,27648.0,30000,0,0.5099047660827637,0.7677197456359861,0.8945465087890625,11.884450912475586
r03,e3-mc4-plain-fr-r03,2,e3-mc4-plain-pub2,6000,6000,6000,99.99980405123203,1790479306.5270755,1790479366.517193,0.4823699207433189,0.6763731362298131,1.4426809502765536,0.482,0.676,0,0.0,781238,781238,130.20633333333333,61,3.9344325737704917,5.000016,11.000721,25814.032786885247,27776.0,30000,0,0.48852898279825846,0.7302761077880859,0.8838176727294922,11.825323104858398
r03,e3-mc4-plain-fr-r03,3,e3-mc4-plain-pub3,6000,6000,6000,99.9998986394186,1790479306.5273519,1790479366.5174127,0.40777482439686236,0.6160862976685166,1.2284440454095602,0.408,0.616,0,0.0,781182,781182,130.197,61,2.86885093442623,4.000027,9.000027,25835.016393442624,27648.0,30000,0,0.5055550972620646,0.7834434509277344,0.8854866027832031,11.78741455078125
r03,e3-mc4-plain-fr-r03,4,e3-mc4-plain-pub4,6000,6000,6000,99.9998807550839,1790479306.528549,1790479366.5186205,0.3297190413383457,0.4256294807419181,1.545553095638752,0.33,0.426,0,0.0,781156,781156,130.19266666666667,61,2.672130245901639,3.999905,9.000032,25788.852459016394,27776.0,30000,0,0.2733845551808675,0.3781318664550781,0.48327922821044844,20.340919494628906
r03,e3-mc4-plain-fr-r03,5,e3-mc4-plain-pub5,6000,6000,6000,99.99989506255115,1790479306.5278158,1790479366.5178788,0.3404894494645608,0.40766113088466227,0.5729029653593898,0.34,0.408,0,0.0,781125,781125,130.1875,61,2.606562836065574,4.000011,9.000494,25807.737704918032,27776.0,30000,0,0.29503389199574787,0.4565715789794922,0.5528950691223141,11.45315170288086
r04,e3-mc4-plain-fr-r04,1,e3-mc4-plain-pub1,6000,6000,6000,99.99980723066398,1790479532.0682125,1790479592.0583282,0.32669072084415046,0.3830308938631788,0.8328240000992082,0.327,0.383,0,0.0,781204,781204,130.20066666666668,61,2.622955524590164,3.000021,9.000394,25667.147540983606,27520.0,30000,0,0.2795376459757487,0.4057884216308594,0.44799089431762656,20.394563674926758
r04,e3-mc4-plain-fr-r04,2,e3-mc4-plain-pub2,6000,6000,6000,99.99982312782669,1790479532.0724528,1790479592.062559,0.40858062158804387,0.6251666462048888,1.1817290214821696,0.409,0.625,0,0.0,781197,781197,130.1995,61,3.5245900491803277,4.999965,11.000278,25686.032786885247,27520.0,30000,0,0.3896058479944865,0.6606578826904297,0.7503056526184079,16.4034366607666
r04,e3-mc4-plain-fr-r04,3,e3-mc4-plain-pub3,6000,6000,6000,99.9998887036763,1790479532.0668314,1790479592.056898,0.3888624779647216,0.5790906609036028,2.0565170561894774,0.389,0.579,0,0.0,780958,780958,130.15966666666668,61,3.196719295081967,4.999977,7.999733,25707.016393442624,27648.0,30000,0,0.3942346970240275,0.6022453308105469,0.7102489471435547,12.04991340637207
r04,e3-mc4-plain-fr-r04,4,e3-mc4-plain-pub4,6000,6000,6000,99.9998835370911,1790479532.0674496,1790479592.0575194,0.31442648546847823,0.3616625675931573,1.6089839627966285,0.314,0.362,0,0.0,781236,781236,130.206,61,2.590163032786885,3.000142,8.999963,25784.655737704918,27648.0,30000,0,0.24831821123758951,0.3104209899902344,0.42081356048583907,11.531829833984375
r04,e3-mc4-plain-fr-r04,5,e3-mc4-plain-pub5,6000,6000,6000,99.99987121677466,1790479532.0690994,1790479592.0591767,0.353647370939143,0.5029037420172244,1.465952955186367,0.354,0.503,0,0.0,781217,781217,130.20283333333333,61,2.934433114754098,4.000017,11.000552,25809.83606557377,27776.0,30000,0,0.29763796329498293,0.43845176696777344,0.5044937133789062,19.634246826171875
r05,e3-mc4-plain-fr-r05,1,e3-mc4-plain-pub1,6000,6000,6000,99.99985849903186,1790479818.665587,1790479878.6556718,0.3070508334870586,0.34104305304936133,0.46277700312202796,0.307,0.341,0,0.0,781003,781003,130.16716666666667,61,2.557381852459016,3.00012,9.000391,25673.44262295082,27648.0,30000,0,0.2621360143025716,0.335693359375,0.38886308670043906,19.549846649169922
r05,e3-mc4-plain-fr-r05,2,e3-mc4-plain-pub2,6000,6000,6000,99.99987002448614,1790479818.6643758,1790479878.6544538,0.3579594870680012,0.4373214615043253,0.6480900337919593,0.358,0.437,0,0.0,781087,781087,130.18116666666666,61,3.0164022786885245,4.000041,10.0006,25816.131147540982,27776.0,30000,0,0.2872082471847534,0.3924489021301268,0.4675412178039547,20.491838455200195
r05,e3-mc4-plain-fr-r05,3,e3-mc4-plain-pub3,6000,6000,6000,99.99989029339494,1790479818.6644282,1790479878.654494,0.3685082157996173,0.45517720864154404,0.5828709108754992,0.369,0.455,0,0.0,781290,781290,130.215,61,2.73770906557377,3.999794,11.000198,25828.72131147541,27648.0,30000,0,0.3348406712214152,0.4336833953857422,0.567677021026611,10.944128036499023
r05,e3-mc4-plain-fr-r05,4,e3-mc4-plain-pub4,6000,6000,6000,99.99983544813126,1790479818.6638327,1790479878.6539314,0.4150087798285919,0.5855170427821577,0.780825037509203,0.415,0.586,0,0.0,781227,781227,130.2045,61,4.213119360655737,5.000012,9.000465,25895.868852459018,27904.0,30000,0,0.4169022798538208,0.6191730499267578,0.7336139678955078,11.287927627563477
r05,e3-mc4-plain-fr-r05,5,e3-mc4-plain-pub5,6000,6000,6000,99.99986366561448,1790479818.6652644,1790479878.6553462,0.3049736012859891,0.34308808390051126,0.5180899752303958,0.305,0.343,0,0.0,781216,781216,130.20266666666666,61,2.475408868852459,3.000104,9.000403,25811.93442622951,27648.0,30000,0,0.2672628402709961,0.3886342048645018,0.4451274871826172,19.734859466552734
r06,e3-mc4-plain-fr-r06,1,e3-mc4-plain-pub1,6000,6000,6000,99.99989029339494,1790480168.6540952,1790480228.644161,0.35796393055473646,0.5387414483266184,0.6040900043444708,0.358,0.539,0,0.0,781246,781246,130.20766666666665,61,3.2295114098360655,4.000018,9.000358,25671.344262295082,27520.0,30000,0,0.3621588627497355,0.5574226379394531,0.6577992439270016,0.7441043853759766
r06,e3-mc4-plain-fr-r06,2,e3-mc4-plain-pub2,6000,6000,6000,99.99988910110596,1790480168.6559327,1790480228.6459992,0.3229499901838911,0.3786319575738162,0.5356559995561838,0.323,0.379,0,0.0,780623,780623,130.10383333333334,61,2.606566262295082,3.000075,10.00059,25809.83606557377,27776.0,30000,0,0.2816827138264974,0.41365623474121094,0.5183267593383781,6.8798065185546875
r06,e3-mc4-plain-fr-r06,3,e3-mc4-plain-pub3,6000,6000,6000,99.99985730674364,1790480168.6561205,1790480228.6462061,0.33227097200384986,0.4060351988300681,0.6318300729617476,0.332,0.406,0,0.0,781112,781112,130.18533333333335,61,2.8196784918032787,4.000008,11.000503,25698.622950819674,27648.0,30000,0,0.289963960647583,0.4172325134277344,0.5266714096069328,6.776571273803711
r06,e3-mc4-plain-fr-r06,4,e3-mc4-plain-pub4,6000,6000,6000,99.99988154994308,1790480168.6585724,1790480228.6486435,0.38291435034868,0.5700445966795088,1.9278139807283878,0.383,0.57,0,0.0,781207,781207,130.20116666666667,61,3.3606601967213114,4.000023,9.00039,25782.55737704918,27776.0,30000,0,0.3422105630238851,0.5717277526855469,0.6630420684814453,4.439115524291992
r06,e3-mc4-plain-fr-r06,5,e3-mc4-plain-pub5,6000,6000,6000,99.99986605019126,1790480168.6556733,1790480228.6457536,0.3237736533822802,0.4130012996029111,1.2733358889818192,0.324,0.413,0,0.0,781257,781257,130.2095,61,2.6885307213114755,3.999995,9.000479,25805.639344262294,27776.0,30000,0,0.28262426058451334,0.4315376281738281,0.605823993682861,6.908893585205078
r07,e3-mc4-plain-fr-r07,1,e3-mc4-plain-pub1,6000,6000,6000,99.99988910110596,1790483116.7293947,1790483176.7194612,0.3931627198301915,0.6121031539805699,0.959280994720757,0.393,0.612,0,0.0,781145,781145,130.19083333333333,61,3.131149163934426,4.000207,8.999941,25671.344262295082,27648.0,30000,0,0.35103402137756345,0.5629062652587891,0.6632804870605469,1.6608238220214844
r07,e3-mc4-plain-fr-r07,2,e3-mc4-plain-pub2,6000,6000,6000,99.99988790881702,1790483116.730971,1790483176.7210383,0.3470567093269589,0.498279556632042,1.0587089927867055,0.347,0.498,0,0.0,781214,781214,130.20233333333334,61,2.6229485901639347,3.999855,10.000138,25814.032786885247,27648.0,30000,0,0.2699493646621704,0.4596829414367674,0.6060600280761719,9.442806243896484
r07,e3-mc4-plain-fr-r07,3,e3-mc4-plain-pub3,6000,6000,6000,99.99987002448614,1790483116.730666,1790483176.720744,0.38522740587359294,0.6120787642430514,1.0856499429792166,0.385,0.612,0,0.0,781235,781235,130.20583333333335,61,3.1475405409836066,4.000003,11.000036,25839.213114754097,27776.0,30000,0,0.33021485010782875,0.5891442298889158,0.7035732269287109,9.535551071166992
r07,e3-mc4-plain-fr-r07,4,e3-mc4-plain-pub4,6000,6000,6000,99.99981279467035,1790483116.7336047,1790483176.723717,0.412926457337259,0.6109028588980436,1.6629139427095652,0.413,0.611,0,0.0,780968,780968,130.16133333333335,61,3.3770441147540984,4.00016,8.999877,25784.655737704918,27648.0,30000,0,0.4099799950917562,0.6382465362548828,0.7150173187255859,6.990671157836914
r07,e3-mc4-plain-fr-r07,5,e3-mc4-plain-pub5,6000,6000,6000,99.99989744712943,1790483116.7312758,1790483176.7213373,0.32536869290440035,0.40825259638950234,0.9805159643292427,0.325,0.408,0,0.0,781326,781326,130.221,61,2.5737676393442626,3.99998,9.999879,25811.93442622951,27776.0,30000,0,0.23718467553456624,0.35572052001953125,0.5075955390930172,9.244203567504883
r08,e3-mc4-plain-fr-r08,1,e3-mc4-plain-pub1,6000,6000,6000,99.99980762809298,1790483456.2883265,1790483516.278442,0.4066577865293463,0.5769282466644654,1.0450420013512485,0.407,0.577,0,0.0,781253,781253,130.20883333333333,61,3.147541770491803,4.000173,10.000055,25795.147540983606,27648.0,30000,0,0.3437273104985555,0.5345344543457031,0.6098747253417969,6.478071212768555
r08,e3-mc4-plain-fr-r08,2,e3-mc4-plain-pub2,6000,6000,6000,99.99988790881702,1790483456.291421,1790483516.2814882,0.33506271210111055,0.4159248259384186,0.6781009724363685,0.335,0.416,0,0.0,781203,781203,130.2005,61,2.770494770491803,4.0,10.000133,25801.44262295082,27776.0,30000,0,0.24997283617655436,0.3952980041503906,0.4997277259826656,6.012916564941406
r08,e3-mc4-plain-fr-r08,3,e3-mc4-plain-pub3,6000,6000,6000,99.99982432011409,1790483456.2909477,1790483516.281053,0.4427933550711411,0.6705183885060252,2.4158990709111094,0.443,0.671,0,0.0,781213,781213,130.20216666666667,61,3.5573850163934426,4.999997,12.000616,25830.819672131147,27648.0,30000,0,0.38424800237019857,0.6003379821777344,0.6897449493408203,6.244659423828125
r08,e3-mc4-plain-fr-r08,4,e3-mc4-plain-pub4,6000,6000,6000,99.99989148568395,1790483456.292475,1790483516.28254,0.3739481636051399,0.5685439507942647,0.7477100007236004,0.374,0.569,0,0.0,780921,780921,130.1535,61,2.606560868852459,3.000143,9.000093,25782.55737704918,27648.0,30000,0,0.32654603322347003,0.5130887031555174,0.5955696105957031,5.057811737060547
r08,e3-mc4-plain-fr-r08,5,e3-mc4-plain-pub5,6000,6000,6000,99.99986883219765,1790483456.2925482,1790483516.2826269,0.4291935531849352,0.7037064817268401,0.8254229323938489,0.429,0.704,0,0.0,781294,781294,130.21566666666666,61,2.9180309508196722,4.000015,10.000145,25805.639344262294,27776.0,30000,0,0.3958532094955444,0.6196498870849609,0.7028603553771969,5.404949188232422
r09,e3-mc4-plain-fr-r09,1,e3-mc4-plain-pub1,6000,6000,6000,99.99983226869753,1790484246.313047,1790484306.3031476,0.4159230988201064,0.5756333470344543,0.8857869979692623,0.416,0.576,0,0.0,781131,781131,130.1885,61,3.770495737704918,5.000101,9.000217,25673.44262295082,27648.0,30000,0,0.4423366943995158,0.6685256958007812,0.7646131515502922,1.4674663543701172
r09,e3-mc4-plain-fr-r09,2,e3-mc4-plain-pub2,6000,6000,6000,99.99987042191565,1790484246.3086755,1790484306.2987533,0.4364341618105148,0.6351425137836486,0.9960739407688379,0.436,0.635,0,0.0,781172,781172,130.19533333333334,61,3.5409759180327867,4.000216,10.999528,25816.131147540982,27776.0,30000,0,0.3449255386988322,0.5526661872863767,0.682117938995361,5.278587341308594
r09,e3-mc4-plain-fr-r09,3,e3-mc4-plain-pub3,6000,6000,6000,99.99976192377797,1790484246.3071077,1790484306.2972505,0.3471889596742888,0.4583794448990375,0.844235997647047,0.347,0.458,0,0.0,781194,781194,130.199,61,2.770487803278688,3.999985,6.999676,25822.426229508197,27776.0,30000,0,0.34614168802897133,0.5152225494384766,0.6396937370300266,1.6741752624511719
r09,e3-mc4-plain-fr-r09,4,e3-mc4-plain-pub4,6000,6000,6000,99.99981279467035,1790484246.3071895,1790484306.2973018,0.37820339111688855,0.48374130274169147,2.1202139323577285,0.378,0.484,0,0.0,781242,781242,130.207,61,2.704924524590164,4.000018,9.000401,25654.55737704918,27648.0,30000,0,0.40834999084472656,0.5996227264404297,0.7250356674194328,6.662130355834961
r09,e3-mc4-plain-fr-r09,5,e3-mc4-plain-pub5,6000,6000,6000,99.99988115251348,1790484246.3062608,1790484306.2963321,0.4204651606657232,0.5878641677554697,1.2837309623137116,0.42,0.588,0,0.0,781255,781255,130.20916666666668,61,3.557379360655738,4.00019,11.000113,25677.639344262294,27648.0,30000,0,0.358682918548584,0.5803108215332031,0.67901611328125,1.2581348419189453
r10,e3-mc4-plain-fr-r10,1,e3-mc4-plain-pub1,6000,6000,6000,99.99979530779525,1790484588.8157437,1790484648.8058665,0.3120138486228825,0.352214697340969,0.628308996965643,0.312,0.352,0,0.0,781171,781171,130.19516666666667,61,2.7049222786885245,3.999821,13.00051,25790.950819672133,27648.0,30000,0,0.28105483055114744,0.4680156707763672,0.5724525451660141,0.7953643798828125
r10,e3-mc4-plain-fr-r10,2,e3-mc4-plain-pub2,6000,6000,6000,99.99982511497238,1790484588.8175037,1790484648.8076086,0.3372204950428568,0.42896544910036033,0.7215730147436261,0.337,0.429,0,0.0,781207,781207,130.20116666666667,61,2.8032856393442627,4.000063,14.000644,25807.737704918032,27648.0,30000,0,0.2668722867965698,0.3581047058105469,0.4627776145935047,1.931905746459961
r10,e3-mc4-plain-fr-r10,3,e3-mc4-plain-pub3,6000,6000,6000,99.99988989596528,1790484588.7772703,1790484648.7673364,0.30720782091763493,0.3744138928595931,0.6961990147829056,0.307,0.374,0,0.0,781294,781294,130.21566666666666,61,2.459015737704918,3.000122,6.999821,25832.918032786885,27776.0,30000,0,0.28413612842559816,0.3604888916015625,0.4425048828125,0.8027553558349609
r10,e3-mc4-plain-fr-r10,4,e3-mc4-plain-pub4,6000,6000,6000,99.99987240906322,1790484588.7767673,1790484648.7668438,0.3371432243147865,0.542345445137471,1.2911580270156264,0.337,0.542,0,0.0,781215,781215,130.2025,61,2.836074786885246,4.000006,9.000571,25788.852459016394,27776.0,30000,0,0.3294111410776774,0.5402565002441406,0.6570839881896969,0.8392333984375
r10,e3-mc4-plain-fr-r10,5,e3-mc4-plain-pub5,6000,6000,6000,99.99980484609,1790484588.774857,1790484648.764974,0.4019529681536369,0.5672225030139089,1.5281930100172758,0.402,0.567,0,0.0,781117,781117,130.18616666666668,61,3.5573820327868853,4.000033,11.000439,25799.344262295082,27648.0,30000,0,0.3898647387822469,0.6194114685058594,0.698089599609375,0.8025169372558594
