run,run_id,subscriber,client_id,raw_rows,parse_success_rows,parse_errors,unique_logical_observations,duplicates,missing_logical,unexpected_logical,delivery_latency_mean_ms,delivery_latency_p95_ms,delivery_latency_p99_ms,delivery_latency_max_ms,resource_samples,cpu_mean_one_core_pct,cpu_p95_one_core_pct,cpu_max_one_core_pct,rss_mean_kib,rss_max_kib
r01,e3-mc4-plain-fr-r01,1,e3-mc4-plain-sub1,30000,30000,0,30000,0,0,0,0.28030217488606773,0.4668235778808594,0.5338191986083984,5.074262619018555,61,6.7377016557377045,8.000022,8.000171,26993.180327868853,30008.0
r01,e3-mc4-plain-fr-r01,2,e3-mc4-plain-sub2,30000,30000,0,30000,0,0,0,0.28613953590393065,0.47707557678222656,0.5469346046447751,5.124330520629883,61,6.6885227540983605,8.000161,8.999541,27155.344262295082,30116.0
r01,e3-mc4-plain-fr-r01,3,e3-mc4-plain-sub3,30000,30000,0,30000,0,0,0,0.34599634806315105,0.5602836608886719,0.6706714630126953,4.670619964599609,61,8.229505213114754,9.999954,11.000135,27151.54098360656,29980.0
r01,e3-mc4-plain-fr-r01,4,e3-mc4-plain-sub4,30000,30000,0,30000,0,0,0,0.3455475966135661,0.5521893501281736,0.6575608253479001,4.505634307861328,61,7.934423163934427,9.000104,10.000269,27105.311475409835,30060.0
r01,e3-mc4-plain-fr-r01,5,e3-mc4-plain-sub5,30000,30000,0,30000,0,0,0,0.35730628967285155,0.5407333374023438,0.6682872772216797,33.927202224731445,61,7.7704019672131155,10.000117,13.999957,27020.590163934427,30048.0
r02,e3-mc4-plain-fr-r02,1,e3-mc4-plain-sub1,30000,30000,0,30000,0,0,0,0.3042783260345459,0.5257129669189453,0.6349158287048329,6.240367889404297,61,6.672127081967213,8.000002,8.999625,27173.639344262294,30084.0
r02,e3-mc4-plain-fr-r02,2,e3-mc4-plain-sub2,30000,30000,0,30000,0,0,0,0.32520031134287514,0.5543231964111328,0.6771087646484375,6.286382675170898,61,7.524584524590164,9.99991,12.00012,27044.918032786885,30044.0
r02,e3-mc4-plain-fr-r02,3,e3-mc4-plain-sub3,30000,30000,0,30000,0,0,0,0.4163599967956543,0.6840229034423828,0.8609318733215329,6.249666213989258,61,9.54095881967213,11.000056,11.000357,27125.311475409835,30120.0
r02,e3-mc4-plain-fr-r02,4,e3-mc4-plain-sub4,30000,30000,0,30000,0,0,0,0.4313270886739095,0.6928563117980955,0.8504462242126454,6.716012954711914,61,9.639355475409836,11.000322,11.000606,27168.655737704918,30096.0
r02,e3-mc4-plain-fr-r02,5,e3-mc4-plain-sub5,30000,30000,0,30000,0,0,0,0.37855756282806396,0.637543201446533,0.7979869842529297,7.706403732299805,61,8.131154754098361,10.000392,11.000401,27061.83606557377,30148.0
r03,e3-mc4-plain-fr-r03,1,e3-mc4-plain-sub1,30000,30000,0,30000,0,0,0,0.3567538261413574,0.5931854248046875,0.6823611259460438,6.0405731201171875,61,6.393445327868852,7.00029,8.000029,27129.77049180328,30144.0
r03,e3-mc4-plain-fr-r03,2,e3-mc4-plain-sub2,30000,30000,0,30000,0,0,0,0.36499082247416176,0.5929589271545408,0.6911802291870109,20.340919494628906,61,6.327864180327868,7.000229,7.999794,26914.688524590165,29940.0
r03,e3-mc4-plain-fr-r03,3,e3-mc4-plain-sub3,30000,30000,0,30000,0,0,0,0.4442798058191935,0.7436275482177734,0.8699965476989735,5.842447280883789,61,7.262292770491803,8.999947,9.000089,26978.491803278688,30040.0
r03,e3-mc4-plain-fr-r03,4,e3-mc4-plain-sub4,30000,30000,0,30000,0,0,0,0.4771266539891561,0.8029937744140625,0.9162425994873047,6.016016006469727,61,8.08197206557377,9.999983,10.000041,27054.950819672133,29996.0
r03,e3-mc4-plain-fr-r03,5,e3-mc4-plain-sub5,30000,30000,0,30000,0,0,0,0.42925618489583334,0.7212162017822266,0.8549714088439938,6.817817687988281,61,7.049181836065574,8.000342,9.000113,27051.67213114754,30088.0
r04,e3-mc4-plain-fr-r04,1,e3-mc4-plain-sub1,30000,30000,0,30000,0,0,0,0.27854897975921633,0.4992485046386719,0.5683922767639157,5.828380584716797,61,7.016395770491803,8.000252,9.000034,27185.508196721312,30124.0
r04,e3-mc4-plain-fr-r04,2,e3-mc4-plain-sub2,30000,30000,0,30000,0,0,0,0.2826586882273356,0.5073666572570799,0.5757832527160641,5.67936897277832,61,6.934421426229508,8.000025,10.000435,27067.147540983606,30072.0
r04,e3-mc4-plain-fr-r04,3,e3-mc4-plain-sub3,30000,30000,0,30000,0,0,0,0.3708628257115682,0.629425048828125,0.7274174690246579,5.410671234130859,61,10.081960967213115,11.999954,12.000364,27103.737704918032,30044.0
r04,e3-mc4-plain-fr-r04,4,e3-mc4-plain-sub4,30000,30000,0,30000,0,0,0,0.3616832176844279,0.6182193756103516,0.7371926307678219,5.831480026245117,61,10.049178049180329,11.999908,12.000146,27172.32786885246,30112.0
r04,e3-mc4-plain-fr-r04,5,e3-mc4-plain-sub5,30000,30000,0,30000,0,0,0,0.3155806541442871,0.553131103515625,0.6306195259094235,20.394563674926758,61,6.934429737704918,8.000359,10.000414,27084.06557377049,30048.0
r05,e3-mc4-plain-fr-r05,1,e3-mc4-plain-sub1,30000,30000,0,30000,0,0,0,0.28065451780955,0.4482388496398924,0.5486011505126953,20.491838455200195,61,6.426223704918033,7.999991,8.000447,27084.852459016394,30128.0
r05,e3-mc4-plain-fr-r05,2,e3-mc4-plain-sub2,30000,30000,0,30000,0,0,0,0.2875253518422445,0.446319580078125,0.5631446838378906,6.009817123413086,61,6.836061852459016,9.000015,9.999496,27144.655737704918,30076.0
r05,e3-mc4-plain-fr-r05,3,e3-mc4-plain-sub3,30000,30000,0,30000,0,0,0,0.3632389863332113,0.5962848663330078,0.7352828979492188,6.136178970336914,61,8.606559229508198,10.000041,10.000476,27108.524590163935,30180.0
r05,e3-mc4-plain-fr-r05,4,e3-mc4-plain-sub4,30000,30000,0,30000,0,0,0,0.33178706963857013,0.5376338958740234,0.6458759307861328,5.714178085327148,61,7.885247508196721,9.000023,10.000092,27131.67213114754,30040.0
r05,e3-mc4-plain-fr-r05,5,e3-mc4-plain-sub5,30000,30000,0,30000,0,0,0,0.3051441272099813,0.46707391738891585,0.5717277526855469,6.564617156982422,61,6.409836950819672,7.000301,9.999975,26981.311475409835,30036.0
r06,e3-mc4-plain-fr-r06,1,e3-mc4-plain-sub1,30000,30000,0,30000,0,0,0,0.2701594114303589,0.461578369140625,0.5331039428710938,4.738330841064453,61,6.688523016393443,8.000171,8.999937,26983.147540983606,30084.0
r06,e3-mc4-plain-fr-r06,2,e3-mc4-plain-sub2,30000,30000,0,30000,0,0,0,0.2711496909459432,0.4630088806152344,0.5366802215576172,5.326747894287109,61,6.655738819672131,7.999994,8.000168,27110.950819672133,30064.0
r06,e3-mc4-plain-fr-r06,3,e3-mc4-plain-sub3,30000,30000,0,30000,0,0,0,0.3723661263783773,0.5979537963867188,0.6833100318908688,4.090785980224609,61,10.131151229508196,12.000856,13.000089,27133.573770491803,30064.0
r06,e3-mc4-plain-fr-r06,4,e3-mc4-plain-sub4,30000,30000,0,30000,0,0,0,0.3432630697886149,0.5490779876708984,0.6577968597412109,6.908893585205078,61,8.868844622950819,11.000063,12.000042,26998.426229508197,30072.0
r06,e3-mc4-plain-fr-r06,5,e3-mc4-plain-sub5,30000,30000,0,30000,0,0,0,0.3017020622889201,0.49424171447753906,0.5671977996826172,5.265235900878906,61,6.557373327868852,7.999991,8.00002,27068.655737704918,30116.0
r07,e3-mc4-plain-fr-r07,1,e3-mc4-plain-sub1,30000,30000,0,30000,0,0,0,0.2869683265686035,0.526916980743408,0.5903267860412594,4.564046859741211,61,6.688518836065573,8.000008,8.000264,27109.311475409835,30192.0
r07,e3-mc4-plain-fr-r07,2,e3-mc4-plain-sub2,30000,30000,0,30000,0,0,0,0.33221007188161217,0.5707740783691406,0.6654262542724609,6.993293762207031,61,7.754102081967213,10.999991,11.999933,27161.245901639344,30036.0
r07,e3-mc4-plain-fr-r07,3,e3-mc4-plain-sub3,30000,30000,0,30000,0,0,0,0.3267824570337931,0.5927205085754392,0.6983304023742672,4.9953460693359375,61,8.950823754098362,10.999948,12.000023,27129.639344262294,30068.0
r07,e3-mc4-plain-fr-r07,4,e3-mc4-plain-sub4,30000,30000,0,30000,0,0,0,0.29519941806793215,0.5743503570556641,0.6694793701171875,4.652738571166992,61,8.721311524590163,10.999936,11.000018,26944.06557377049,29972.0
r07,e3-mc4-plain-fr-r07,5,e3-mc4-plain-sub5,30000,30000,0,30000,0,0,0,0.3572026332219442,0.6074905395507812,0.7245540618896484,9.535551071166992,61,6.836054508196721,8.00003,8.999972,27011.737704918032,29988.0
r08,e3-mc4-plain-fr-r08,1,e3-mc4-plain-sub1,30000,30000,0,30000,0,0,0,0.2953499396642049,0.49996376037597656,0.5488419532775876,3.6156177520751953,61,6.4098327704918034,7.999653,8.000007,27102.819672131147,30168.0
r08,e3-mc4-plain-fr-r08,2,e3-mc4-plain-sub2,30000,30000,0,30000,0,0,0,0.34529869556427,0.5645751953125,0.6570839881896969,4.488229751586914,61,7.96720637704918,11.000073,11.999704,27153.83606557377,30148.0
r08,e3-mc4-plain-fr-r08,3,e3-mc4-plain-sub3,30000,30000,0,30000,0,0,0,0.3556828419367472,0.5927085876464844,0.6735324859619141,3.403186798095703,61,9.24591295081967,11.000413,12.000498,27198.360655737706,30020.0
r08,e3-mc4-plain-fr-r08,4,e3-mc4-plain-sub4,30000,30000,0,30000,0,0,0,0.3203269640604655,0.5490779876708984,0.6327652931213376,3.3326148986816406,61,8.622950016393442,10.999964,12.000089,27026.22950819672,29992.0
r08,e3-mc4-plain-fr-r08,5,e3-mc4-plain-sub5,30000,30000,0,30000,0,0,0,0.3836889505386353,0.5872249603271484,0.7009506225585938,6.478071212768555,61,6.983581918032787,8.000327,9.000003,27184.786885245903,30100.0
r09,e3-mc4-plain-fr-r09,1,e3-mc4-plain-sub1,30000,30000,0,30000,0,0,0,0.30674218336741127,0.49424171447753906,0.5598068237304688,6.043672561645508,61,6.704918262295083,8.000002,8.000032,27071.147540983606,30204.0
r09,e3-mc4-plain-fr-r09,2,e3-mc4-plain-sub2,30000,30000,0,30000,0,0,0,0.3511121114095052,0.5421638488769531,0.6148838996887204,6.38580322265625,61,7.44262762295082,9.999997,12.000058,27142.09836065574,30120.0
r09,e3-mc4-plain-fr-r09,3,e3-mc4-plain-sub3,30000,30000,0,30000,0,0,0,0.3592655658721924,0.5736351013183594,0.6797313690185547,6.049156188964844,61,8.327878163934425,11.00021,12.000781,27147.344262295082,30044.0
r09,e3-mc4-plain-fr-r09,4,e3-mc4-plain-sub4,30000,30000,0,30000,0,0,0,0.46236210664113364,0.6978511810302734,0.7903623580932609,6.471872329711914,61,8.672128081967214,10.000023,10.000174,27146.22950819672,30156.0
r09,e3-mc4-plain-fr-r09,5,e3-mc4-plain-sub5,30000,30000,0,30000,0,0,0,0.4209548632303874,0.6153583526611328,0.6973743438720703,6.662130355834961,61,6.868860524590164,8.000001,8.000443,27163.213114754097,30088.0
r10,e3-mc4-plain-fr-r10,1,e3-mc4-plain-sub1,30000,30000,0,30000,0,0,0,0.24601147174835206,0.4458546638488768,0.5304813385009766,1.9025802612304688,61,7.081970901639345,11.000115,13.99989,27098.16393442623,30124.0
r10,e3-mc4-plain-fr-r10,2,e3-mc4-plain-sub2,30000,30000,0,30000,0,0,0,0.253175163269043,0.4372596740722656,0.522613525390625,1.9028186798095703,61,6.885243836065573,8.000254,10.0,27138.360655737706,30076.0
r10,e3-mc4-plain-fr-r10,3,e3-mc4-plain-sub3,30000,30000,0,30000,0,0,0,0.32546523412068684,0.5462288856506345,0.6656670570373532,1.7914772033691406,62,9.467733854838709,11.0000029,11.000397,27119.612903225807,30076.0
r10,e3-mc4-plain-fr-r10,4,e3-mc4-plain-sub4,30000,30000,0,30000,0,0,0,0.39679006735483807,0.6132125854492188,0.7081031799316406,1.7879009246826172,61,9.475412163934426,11.000033,11.000067,26981.70491803279,29928.0
r10,e3-mc4-plain-fr-r10,5,e3-mc4-plain-sub5,30000,30000,0,30000,0,0,0,0.32989718914031985,0.5161881446838377,0.6000995635986328,1.931905746459961,62,6.790318096774194,8.0002304,8.999651,27126.967741935485,30104.0
