run,run_id,publishers,subscribers,published_logical_messages,expected_unique_subscriber_observations,delivered_unique_subscriber_observations,subscriber_unique_observation_rate,parse_errors,missing_logical_observations,unexpected_logical_observations,publisher_physical_rows,publisher_physical_success,publisher_redundant_rows,subscriber_raw_rows,subscriber_duplicates,pacing_deadline_misses,effective_rate_total_msg_s,effective_rate_mean_per_publisher_msg_s,publisher_first_metric_timestamp_spread_ms,publisher_complete_mean_ms,publisher_complete_p95_ms,publisher_complete_max_ms,latency_mean_ms,latency_p95_ms,latency_p99_ms,latency_max_ms,payload_bytes_total,payload_bytes_per_logical,broker_resource_samples,broker_cpu_mean_one_core_pct,broker_cpu_p95_one_core_pct,broker_cpu_max_one_core_pct,broker_rss_mean_kib,broker_rss_max_kib,publisher_cpu_sum_mean_one_core_pct,publisher_cpu_mean_per_client_one_core_pct,publisher_rss_sum_mean_kib,publisher_rss_mean_per_client_kib,subscriber_cpu_sum_mean_one_core_pct,subscriber_cpu_mean_per_client_one_core_pct,subscriber_rss_sum_mean_kib,subscriber_rss_mean_per_client_kib,logical_window_start_epoch,logical_window_end_epoch,logical_window_duration_s
r01,e3-mc4-plain-fr-r01,5,5,30000,150000,150000,1.0,0,0,0,30000,30000,0,150000,0,0,499.99915856158793,99.99983171231759,2.7456283569335938,0.36642177119962677,0.5391736747696996,0.9414090309292078,0.3230583890279134,0.5195140838623047,0.6392025947570823,33.927202224731445,3905766,130.1922,61,7.147533819672131,8.999927,9.000465,8320.0,8320.0,15.049177360655738,3.0098354721311478,128921.18032786885,25784.23606557377,37.36055475409836,7.472110950819672,135425.96721311475,27085.19344262295,1790478640.8182166,1790478700.8110304,59.9928138256073
r02,e3-mc4-plain-fr-r02,5,5,30000,150000,150000,1.0,0,0,0,30000,30000,0,150000,0,0,499.99917366389224,99.99983473277845,6.932497024536133,0.3774414390036933,0.5667799094226211,2.315877005457878,0.37114465713500977,0.6403923034667969,0.7853531837463401,7.706403732299805,3905958,130.1986,61,6.770489098360656,7.999631,8.000137,8320.0,8320.0,16.491831786885246,3.2983663573770494,128902.29508196721,25780.45901639344,41.5081806557377,8.301636131147541,135574.3606557377,27114.87213114754,1790478912.8707983,1790478972.867854,59.997055768966675
r03,e3-mc4-plain-fr-r03,5,5,30000,150000,150000,1.0,0,0,0,30000,30000,0,150000,0,0,499.9992587137846,99.99985174275693,1.4734268188476562,0.4123446198126961,0.6447390420362353,1.545553095638752,0.4144814586639404,0.7109642028808594,0.8602142333984375,20.340919494628906,3905832,130.1944,61,6.770490770491803,8.999619,9.000599,8320.0,8320.0,15.836080852459016,3.167216170491803,128916.98360655738,25783.396721311474,35.114756180327866,7.022951236065573,135129.5737704918,27025.91475409836,1790479306.5270755,1790479366.5186205,59.99154496192932
r04,e3-mc4-plain-fr-r04,5,5,30000,150000,150000,1.0,0,0,0,30000,30000,0,150000,0,0,499.9992738160327,99.99985476320654,5.621433258056641,0.35844153536090745,0.5603233177680522,2.0565170561894774,0.32186687310536705,0.55694580078125,0.6940364837646484,20.394563674926758,3905812,130.19373333333334,61,7.508195147540984,10.000244,10.999619,8320.0,8320.0,14.868861016393442,2.9737722032786884,128654.68852459016,25730.937704918033,41.016385950819675,8.203277190163934,135612.7868852459,27122.557377049183,1790479532.0668314,1790479592.062559,59.9957275390625
r05,e3-mc4-plain-fr-r05,5,5,30000,150000,150000,1.0,0,0,0,30000,30000,0,150000,0,0,499.99931793065866,99.99986358613174,1.7542839050292969,0.3507001834938516,0.48423394327983255,0.780825037509203,0.3136700105667114,0.5109310150146484,0.63323974609375,20.491838455200195,3905823,130.1941,61,6.672128721311475,8.000006,8.000516,8320.0,8320.0,15.000021426229507,3.0000042852459012,129026.09836065574,25805.21967213115,36.16392924590164,7.2327858491803285,135451.01639344264,27090.20327868853,1790479818.6638327,1790479878.6556718,59.99183917045593
r06,e3-mc4-plain-fr-r06,5,5,30000,150000,150000,1.0,0,0,0,30000,30000,0,150000,0,0,499.9993843013789,99.99987686027578,4.477262496948242,0.3439745792946875,0.5095154920127243,1.9278139807283878,0.3117280721664429,0.5156993865966797,0.6301403045654297,6.908893585205078,3905445,130.1815,61,6.8852476393442625,8.000193,8.000665,8320.0,8320.0,14.704947081967212,2.9409894163934425,128768.0,25753.6,38.901631016393445,7.780326203278689,135294.75409836066,27058.950819672133,1790480168.6540952,1790480228.6486435,59.994548320770264
r07,e3-mc4-plain-fr-r07,5,5,30000,150000,150000,1.0,0,0,0,30000,30000,0,150000,0,0,499.9993572762089,99.99987145524179,4.209995269775391,0.37274839705448054,0.5888444662559777,1.6629139427095652,0.319672581354777,0.5750656127929688,0.6756782531738281,9.535551071166992,3905888,130.19626666666667,61,7.836085426229508,12.000156,12.000386,8320.0,8320.0,14.852450049180328,2.9704900098360656,128921.18032786885,25784.23606557377,38.950810704918034,7.790162140983607,135356.0,27071.2,1790483116.7293947,1790483176.723717,59.994322299957275
r08,e3-mc4-plain-fr-r08,5,5,30000,150000,150000,1.0,0,0,0,30000,30000,0,150000,0,0,499.99928017490566,99.99985603498114,4.221677780151367,0.3975311140983346,0.6150853587314487,2.4158990709111094,0.3400694783528646,0.5609989166259766,0.6587505340576172,6.478071212768555,3905884,130.19613333333334,61,8.196717491803279,12.000163,13.00017,8320.0,8320.0,15.00001337704918,3.000002675409836,129015.60655737705,25803.12131147541,39.229484032786885,7.845896806557377,135666.03278688525,27133.20655737705,1790483456.2883265,1790483516.2826269,59.994300365448
r09,e3-mc4-plain-fr-r09,5,5,30000,150000,150000,1.0,0,0,0,30000,30000,0,150000,0,0,499.999158561575,99.999831712315,6.786108016967773,0.39964295441750436,0.5663350340910256,2.1202139323577285,0.38008736610412597,0.6000995635986328,0.7166886329650901,6.662130355834961,3905994,130.1998,61,7.590173688524589,10.000098,10.999056,8320.0,8320.0,16.344263344262295,3.268852668852459,128644.19672131147,25728.839344262295,38.0164126557377,7.60328253114754,135670.03278688525,27134.006557377048,1790484246.3062608,1790484306.3031476,59.99688673019409
r10,e3-mc4-plain-fr-r10,5,5,30000,150000,150000,1.0,0,0,0,30000,30000,0,150000,0,0,499.99918757388616,99.99983751477723,42.64664649963379,0.3391076714103595,0.5121025023981928,1.5281930100172758,0.31026782512664797,0.5240440368652344,0.6480216979980469,1.931905746459961,3906004,130.20013333333333,61,7.000006704918032,8.000345,9.000078,8320.0,8320.0,14.360680475409836,2.8721360950819674,129019.80327868853,25803.960655737705,39.70067885325225,7.94013577065045,135464.810153358,27092.962030671602,1790484588.774857,1790484648.8076086,60.03275156021118
