metric,n,mean,sd,median,min,max,ci95_low,ci95_high
effective_rate_total_msg_s,10,499.9992550573911,8.293484451212853e-05,499.99926626490867,499.999158561575,499.9993843013789,499.99919572937733,499.9993143854049
effective_rate_mean_per_publisher_msg_s,10,99.99985101147823,1.6586968902965658e-05,99.99985325298174,99.999831712315,99.99987686027578,99.99983914587547,99.99986287708099
publisher_first_metric_timestamp_spread_ms,10,8.086895942687988,12.287520151564399,4.349470138549805,1.4734268188476562,42.64664649963379,-0.7030664547650005,16.876858340140977
publisher_complete_mean_ms,10,0.37183542651461415,0.024965571504675547,0.36958508412705365,0.3391076714103595,0.4123446198126961,0.3539761325276918,0.38969472050153653
publisher_complete_p95_ms,10,0.558713274076581,0.049591486667695917,0.5633291759295389,0.48423394327983255,0.6447390420362353,0.5232376616123898,0.5941888865407722
latency_mean_ms,10,0.34060467116038007,0.035787067373592524,0.3224626310666402,0.31026782512664797,0.4144814586639404,0.31500414537089066,0.36620519694986947
latency_p95_ms,10,0.5714654922485352,0.06419247261679413,0.5589723587036133,0.5109310150146484,0.7109642028808594,0.5255449636519401,0.6173860208451302
latency_p99_ms,10,0.694132566452027,0.07524184378916901,0.6672143936157227,0.6301403045654297,0.8602142333984375,0.6403077938808404,0.7479573390232137
latency_max_ms,10,13.437747955322266,9.905446744979095,8.620977401733398,1.931905746459961,33.927202224731445,6.351818219756043,20.523677690888487
subscriber_duplicates,10,0.0,0.0,0.0,0.0,0.0,0.0,0.0
payload_bytes_per_logical,10,130.19468666666666,0.005345014984561143,130.19526666666667,130.1815,130.20013333333333,130.19086307328502,130.1985102600483
broker_cpu_mean_one_core_pct,10,7.237706850819672,0.5185960818020385,7.073770262295081,6.672128721311475,8.196717491803279,6.866725562302639,7.608688139336705
broker_cpu_p95_one_core_pct,10,9.400038200000001,1.5776896944728886,8.999773,7.999631,12.000163,8.271426981608617,10.528649418391385
broker_cpu_max_one_core_pct,10,9.8001691,1.8133160733432518,9.000532,8.000137,13.00017,8.503000924259103,11.097337275740896
broker_rss_mean_kib,10,8320.0,0.0,8320.0,8320.0,8320.0,8320.0,8320.0
broker_rss_max_kib,10,8320.0,0.0,8320.0,8320.0,8320.0,8320.0,8320.0
publisher_cpu_sum_mean_one_core_pct,10,15.25083267704918,0.7179940734504464,15.000017401639344,14.360680475409836,16.491831786885246,14.737210658173385,15.764454695924975
publisher_cpu_mean_per_client_one_core_pct,10,3.050166535409836,0.1435988146900893,3.0000034803278686,2.8721360950819674,3.2983663573770494,2.947442131634677,3.152890939184995
publisher_rss_sum_mean_kib,10,128879.00327868853,142.76547801691697,128919.0819672131,128644.19672131147,129026.09836065574,128776.87500805751,128981.13154931954
publisher_rss_mean_per_client_kib,10,25775.800655737705,28.553095603383184,25783.81639344262,25728.839344262295,25805.21967213115,25755.3750016115,25796.22630986391
subscriber_cpu_sum_mean_one_core_pct,10,38.59628240499735,2.0021170738987784,38.92622086065574,35.114756180327866,41.5081806557377,37.164054129658304,40.0285106803364
subscriber_cpu_mean_per_client_one_core_pct,10,7.719256480999471,0.4004234147797556,7.785244172131147,7.022951236065573,8.301636131147541,7.432810825931662,8.005702136067281
subscriber_rss_sum_mean_kib,10,135464.53347435218,173.6361852092673,135457.91327340034,135129.5737704918,135670.03278688525,135340.3216301395,135588.74531856488
subscriber_rss_mean_per_client_kib,10,27092.906694870442,34.72723704185353,27091.582654680067,27025.91475409836,27134.006557377048,27068.0643260279,27117.749063712985
