condition,repetition,logical_messages,physical_publications,extra_publications,extra_rate_pct,publisher_success,subscriber_rows,subscriber_unique_for_latency,subscriber_duplicates,decrypt_failures,latency_mean_ms,latency_median_ms,latency_p95_ms,latency_p99_ms,payload_per_physical_mean_bytes,payload_per_logical_bytes
A1,1,6000,6000,0,0.0,6000,6000,6000,0,0,0.35506244500478107,0.3541707992553711,0.5257248878479004,0.6029605865478516,75.36266666666667,75.36266666666667
A2,1,6000,6000,0,0.0,6000,6000,6000,0,0,0.5246849854787191,0.5259513854980469,0.7474541664123535,0.8738160133361819,275.3586666666667,275.3586666666667
A3,1,6000,6000,0,0.0,6000,6000,6000,0,0,0.47937949498494464,0.46896934509277344,0.6878495216369629,0.8590245246887207,802.0,802.0
A4,1,6000,6883,883,14.716666666666667,6883,6726,6000,726,0,0.5505336125691732,0.5441904067993164,0.8473753929138185,1.0833740234375,802.0,920.0276666666666
A1,2,6000,6000,0,0.0,6000,6000,6000,0,0,0.3545018831888835,0.34356117248535156,0.5366802215576172,0.5676746368408203,75.35533333333333,75.35533333333333
A2,2,6000,6000,0,0.0,6000,6000,6000,0,0,0.43274041016896564,0.4100799560546875,0.6222724914550781,0.6625890731811528,275.2853333333333,275.2853333333333
A3,2,6000,6000,0,0.0,6000,6000,6000,0,0,0.4300993283589681,0.4088878631591797,0.6189465522766113,0.6406307220458984,802.0,802.0
A4,2,6000,6903,903,15.05,6903,6735,6000,735,0,0.525052030881246,0.5035400390625,0.7360100746154785,0.924608707427979,802.0,922.701
A1,3,6000,6000,0,0.0,6000,6000,6000,0,0,0.31542448202768963,0.3082752227783203,0.4947304725646973,0.5216598510742188,75.35716666666667,75.35716666666667
A2,3,6000,6000,0,0.0,6000,6000,6000,0,0,0.409829576810201,0.3895759582519531,0.5970001220703125,0.6237053871154786,275.33,275.33
A3,3,6000,6000,0,0.0,6000,6000,6000,0,0,0.47767404715220135,0.45871734619140625,0.6678223609924316,0.6954669952392578,802.0,802.0
A4,3,6000,6902,902,15.033333333333333,6902,6830,6000,830,0,0.38530222574869794,0.3635883331298828,0.5755424499511719,0.6635189056396484,802.0,922.5673333333333
A1,4,6000,6000,0,0.0,6000,6000,6000,0,0,0.3456117312113444,0.3418922424316406,0.5157113075256348,0.5629062652587891,75.35766666666666,75.35766666666666
A2,4,6000,6000,0,0.0,6000,6000,6000,0,0,0.5062572956085205,0.4864931106567383,0.734102725982666,0.7851123809814453,275.29266666666666,275.29266666666666
A3,4,6000,6000,0,0.0,6000,6000,6000,0,0,0.5613839626312256,0.5614757537841797,0.800895690917969,0.888826847076416,802.0,802.0
A4,4,6000,6903,903,15.05,6903,6736,6000,736,0,0.4346842368443807,0.4067420959472656,0.6308555603027344,0.8266448974609386,802.0,922.701
A1,5,6000,6000,0,0.0,6000,6000,6000,0,0,0.3236098686854045,0.3161430358886719,0.5016326904296875,0.5469441413879398,75.37033333333333,75.37033333333333
A2,5,6000,6000,0,0.0,6000,6000,6000,0,0,0.40423401196797687,0.38564205169677734,0.5891323089599609,0.6146430969238281,275.316,275.316
A3,5,6000,6000,0,0.0,6000,6000,6000,0,0,0.4235389629999797,0.40221214294433594,0.6156086921691895,0.6449294090270997,802.0,802.0
A4,5,6000,6896,896,14.933333333333334,6896,6863,6000,863,0,0.4672545591990153,0.4553794860839844,0.6766319274902344,0.7841610908508301,802.0,921.7653333333334
