run,run_id,publisher,client_id,physical_rows,physical_success,unique_logical,overlap_duplicate_rows,effective_rate_msg_s,first_metric_timestamp,last_metric_timestamp,publish_complete_mean_ms,publish_complete_p95_ms,publish_complete_max_ms,log_avg_complete_ms,log_p95_complete_ms,reconnect_count,pacing_deadline_miss,pacing_late_max_ms,encrypted_payload_bytes,plain_logical_bytes,encrypted_payload_bytes_per_logical,resource_samples,cpu_mean_one_core_pct,cpu_p95_one_core_pct,cpu_max_one_core_pct,rss_mean_kib,rss_max_kib,subscriber_unique_observations,subscriber_observed_duplicates,subscriber_redundant_observation_opportunities,subscriber_unobserved_redundant_observations,subscriber_redundant_observation_ratio,delivery_latency_mean_ms,delivery_latency_p95_ms,delivery_latency_p99_ms,delivery_latency_max_ms
r01,e3-mc4-aomqtt-fr-r01,1,e3-mc4-pub1,7000,7000,6000,1000,100.00047133894117,1790426672.2013524,1790426732.1910696,0.3556637407138104,0.45370135010216456,0.9918089999700896,0.356,0.454,0,0,0.0,5614000,751075,935.6666666666666,61,6.426230590163934,9.999984,14.000098,42309.83606557377,49780.0,30000,4438,5000,562,0.8876,0.4707480430603027,0.7565021514892578,0.9555888175964344,11.261224746704102
r01,e3-mc4-aomqtt-fr-r01,2,e3-mc4-pub2,7000,7000,6000,1000,100.00079485149446,1790426672.2056046,1790426732.1951277,0.3843141134046683,0.5227287183515728,1.1779220076277852,0.384,0.523,0,0,0.0,5614000,751260,935.6666666666666,61,6.2131127868852465,10.000012,12.999827,42221.70491803279,49652.0,30000,4445,5000,555,0.889,0.433560578028361,0.6079673767089844,0.9238719940185547,15.783309936523438
r01,e3-mc4-aomqtt-fr-r01,3,e3-mc4-pub3,7000,7000,6000,1000,100.00040218542367,1790426672.2059038,1790426732.1956625,0.36461702381659833,0.4222982912324368,1.0123350657522678,0.365,0.422,0,0,0.0,5614000,751223,935.6666666666666,61,6.016389737704918,9.000399,16.999553,42345.70491803279,49776.0,30000,4446,5000,554,0.8892,0.3942251205444336,0.5500435829162595,0.8718991279602047,15.455961227416992
r01,e3-mc4-aomqtt-fr-r01,4,e3-mc4-pub4,7000,7000,6000,1000,100.00032508333877,1790426672.2036247,1790426732.1934297,0.3431562567628654,0.400924909627065,1.0118610225617886,0.343,0.401,0,0,0.0,5614000,751146,935.6666666666666,61,5.721315098360656,8.999989,16.000791,42538.55737704918,50036.0,30000,4444,5000,556,0.8888,0.3994475285212199,0.5354881286621094,0.8437657356262204,17.259597778320312
r01,e3-mc4-aomqtt-fr-r01,5,e3-mc4-pub5,7000,7000,6000,1000,100.0004236468499,1790426672.2030134,1790426732.1927593,0.339859254807899,0.3983886446803807,1.041569048538804,0.34,0.398,0,0,0.0,5614000,751247,935.6666666666666,61,5.622952327868853,9.000115,10.999982,42469.50819672131,49776.0,30000,4443,5000,557,0.8886,0.41031065781911213,0.5900859832763672,0.9152936935424797,16.551733016967773
r02,e3-mc4-aomqtt-fr-r02,1,e3-mc4-pub1,7000,7000,6000,1000,100.0005500309912,1790432689.9393716,1790432749.9290416,0.37002542643261094,0.49104840022664564,1.0248870003124466,0.37,0.491,0,0,0.0,5614000,751206,935.6666666666666,61,5.803279967213114,9.999962,10.999922,42419.147540983606,49776.0,30000,4640,5000,360,0.928,0.8094989856084188,1.1134147644042969,1.264810562133789,18.47100257873535
r02,e3-mc4-aomqtt-fr-r02,2,e3-mc4-pub2,7000,7000,6000,1000,100.00078491557409,1790432689.9403865,1790432749.9299157,0.3367198190618573,0.3948880097595974,1.0706759640015662,0.337,0.395,0,0,0.0,5614000,750998,935.6666666666666,61,5.836070819672131,9.000009,16.00006,42343.80327868852,49772.0,30000,4649,5000,351,0.9298,0.4893654823303223,0.8399486541748047,1.1694455146789546,19.419193267822266
r02,e3-mc4-aomqtt-fr-r02,3,e3-mc4-pub3,7000,7000,6000,1000,100.00049001835598,1790432689.9390736,1790432749.9287796,0.4131594437806468,0.529762200312689,1.5244160313159227,0.413,0.53,0,0,0.0,5614000,751158,935.6666666666666,61,7.000005655737705,10.000011,15.000668,42326.62295081967,49780.0,30000,4640,5000,360,0.928,0.7100996414820353,0.9992361068725583,1.144173145294189,11.490106582641602
r02,e3-mc4-aomqtt-fr-r02,4,e3-mc4-pub4,7000,7000,6000,1000,100.00056592839009,1790432689.9393327,1790432749.9289932,0.3607234774556543,0.467114127241075,1.014061039313674,0.361,0.467,0,0,0.0,5614000,751230,935.6666666666666,61,6.114756704918033,9.999922,17.00018,42767.67213114754,50156.0,30000,4640,5000,360,0.928,0.7260317643483479,1.0409355163574219,1.2049722671508782,19.089937210083008
r02,e3-mc4-aomqtt-fr-r02,5,e3-mc4-pub5,7000,7000,6000,1000,100.00038708294407,1790432689.9389465,1790432749.9287143,0.3783116614878444,0.5226489040069282,2.075130003504455,0.378,0.523,0,0,0.0,5614000,751274,935.6666666666666,61,6.983608868852459,10.000076,16.000012,42345.70491803279,49776.0,30000,4640,5000,360,0.928,0.5854715744654337,0.9646415710449219,1.1749267578125,11.23356819152832
r03,e3-mc4-aomqtt-fr-r03,1,e3-mc4-pub1,7000,7000,6000,1000,100.00043755703848,1790433888.1144032,1790433948.1041408,0.33017818570026847,0.41066690073421336,0.9842550007306272,0.33,0.411,0,0,0.0,5614000,751142,935.6666666666666,61,5.704926737704918,8.999678,15.000311,42183.934426229505,49652.0,30000,4563,5000,437,0.9126,0.3875784238179525,0.6120324134826658,0.8246970176696766,13.42916488647461
r03,e3-mc4-aomqtt-fr-r03,2,e3-mc4-pub2,7000,7000,6000,1000,100.00009417522872,1790433888.113214,1790433948.1031575,0.3769335135501543,0.503234684583731,1.0290109785273671,0.377,0.503,0,0,0.0,5614000,751084,935.6666666666666,61,6.540994508196722,9.999981,17.000763,42202.81967213115,49652.0,30000,4555,5000,445,0.911,0.483052659034729,0.7674813270568845,0.8883476257324219,11.404752731323242
r03,e3-mc4-aomqtt-fr-r03,3,e3-mc4-pub3,7000,7000,6000,1000,100.00030839115048,1790433888.1162486,1790433948.1060636,0.36198164670661626,0.4445365571882575,1.0171399917453527,0.362,0.445,0,0,0.0,5614000,751072,935.6666666666666,61,5.606555622950819,9.000044,11.000006,42282.75409836065,49648.0,30000,4564,5000,436,0.9128,0.40638231436411537,0.5807876586914062,0.8411431312561032,17.992019653320312
r03,e3-mc4-aomqtt-fr-r03,4,e3-mc4-pub4,7000,7000,6000,1000,100.00017207182135,1790433888.1244934,1790433948.1143901,0.374625177089391,0.48339001368731255,1.1479168897494674,0.375,0.483,0,0,0.0,5614000,751226,935.6666666666666,61,5.803283,9.000123,10.999943,42637.37704918033,50032.0,30000,4563,5000,437,0.9126,0.5641441027323405,0.8194446563720703,0.9686946868896484,18.85509490966797
r03,e3-mc4-aomqtt-fr-r03,5,e3-mc4-pub5,7000,7000,6000,1000,100.00034137809938,1790433888.1146119,1790433948.104407,0.32966856548695694,0.4001912078820168,0.9821220301091671,0.33,0.4,0,0,0.0,5614000,751181,935.6666666666666,61,5.688526950819671,9.00045,9.999944,42228.19672131148,49648.0,30000,4563,5000,437,0.9126,0.5806795994440714,0.7698535919189453,0.9892177581787078,18.925189971923828
r04,e3-mc4-aomqtt-fr-r04,1,e3-mc4-pub1,7000,7000,6000,1000,100.00037476250357,1790434246.9119694,1790434306.9017446,0.32341748472910176,0.36668190032287384,1.137754999945173,0.323,0.367,0,0,0.0,5614000,751262,935.6666666666666,61,5.278691377049181,8.000018,9.000004,42349.901639344265,49648.0,30000,4657,5000,343,0.9314,0.44632025559743244,0.64849853515625,0.8203983306884766,95.0772762298584
r04,e3-mc4-aomqtt-fr-r04,2,e3-mc4-pub2,7000,7000,6000,1000,100.00033303200182,1790434246.9127085,1790434306.9025087,0.36844000506347846,0.43230099545326006,1.0794020490720868,0.368,0.432,0,0,0.0,5614000,751280,935.6666666666666,61,5.721316901639344,9.000024,10.999986,42310.229508196724,49644.0,30000,4661,5000,339,0.9322,0.3990012804667155,0.4966378211975096,0.8053898811340313,94.6493148803711
r04,e3-mc4-aomqtt-fr-r04,3,e3-mc4-pub3,7000,7000,6000,1000,100.0000949700913,1790434246.8680978,1790434306.8580408,0.3718660708317267,0.4364800988696514,2.4958059657365084,0.372,0.436,0,0,0.0,5614000,751181,935.6666666666666,61,6.213127344262295,8.999902,15.000696,42213.50819672131,49776.0,30000,4662,5000,338,0.9324,0.6633897701899211,0.9279370307922361,1.102447509765625,98.62804412841797
r04,e3-mc4-aomqtt-fr-r04,4,e3-mc4-pub4,7000,7000,6000,1000,100.00045663387485,1790434246.8717048,1790434306.861431,0.39354888191779275,0.5591606430243701,1.218411955051124,0.394,0.559,0,0,0.0,5614000,751189,935.6666666666666,61,7.114749819672131,10.000032,16.00001,42480.0,50032.0,30000,4657,5000,343,0.9314,0.5610352436701457,0.7712841033935547,0.9319806098937985,95.29519081115723
r04,e3-mc4-aomqtt-fr-r04,5,e3-mc4-pub5,7000,7000,6000,1000,99.99986962705664,1790434246.8680336,1790434306.8581119,0.35719959933443796,0.46841634903103085,1.1196029372513294,0.357,0.468,0,0,0.0,5614000,751140,935.6666666666666,61,6.278694196721311,9.000337,15.000516,42215.60655737705,49776.0,30000,4662,5000,338,0.9324,0.5455876350402832,0.8919358253479002,1.1110353469848626,98.480224609375
r05,e3-mc4-aomqtt-fr-r05,1,e3-mc4-pub1,7000,7000,6000,1000,100.00029209640061,1790449912.9734864,1790449972.9633112,0.3814387522595228,0.500230751640629,1.0611279976728838,0.381,0.5,0,0,0.0,5614000,751195,935.6666666666666,61,6.639349147540983,10.000258,10.999965,42660.45901639344,49776.0,30000,4409,5000,591,0.8818,0.5434680302937825,0.8525848388671875,0.9815716743469235,22.147178649902344
r05,e3-mc4-aomqtt-fr-r05,2,e3-mc4-pub2,7000,7000,6000,1000,100.000468159467,1790449912.9764867,1790449972.9662058,0.37232071932937416,0.4957320692483335,1.5059009892866015,0.372,0.496,0,0,0.0,5614000,751189,935.6666666666666,61,6.262305262295082,8.999997,11.000417,42612.19672131148,49776.0,30000,4415,5000,585,0.883,0.5085550864537557,0.7886886596679688,0.9596371650695797,28.455257415771484
r05,e3-mc4-aomqtt-fr-r05,3,e3-mc4-pub3,7000,7000,6000,1000,99.99994911301995,1790449912.9736397,1790449972.9636703,0.36095719076027827,0.47156778746284544,1.259612967260182,0.361,0.472,0,0,0.0,5614000,751183,935.6666666666666,61,6.196718540983607,9.999944,10.999985,42568.32786885246,49772.0,30000,4409,5000,591,0.8818,0.5220446745554607,0.751984119415283,0.9419918060302734,31.035184860229492
r05,e3-mc4-aomqtt-fr-r05,4,e3-mc4-pub4,7000,7000,6000,1000,100.00060249242671,1790449912.9772286,1790449972.9668672,0.3242093222714694,0.37073131534270937,1.2349949683994055,0.324,0.371,0,0,0.0,5614000,751182,935.6666666666666,61,5.278690114754098,8.999996,9.000076,42790.55737704918,50032.0,30000,4418,5000,582,0.8836,0.4261656125386556,0.6709098815917969,0.8811998367309563,28.228282928466797
r05,e3-mc4-aomqtt-fr-r05,5,e3-mc4-pub5,7000,7000,6000,1000,100.00050830034318,1790449912.9766028,1790449972.9662979,0.392994078375133,0.49639104399830075,1.9477000460028648,0.393,0.496,0,0,0.0,5614000,751171,935.6666666666666,61,6.426239606557377,9.999957,17.000659,42356.19672131148,49648.0,30000,4415,5000,585,0.883,0.6794493039449055,0.967752933502197,1.164915561676025,28.600215911865234
r06,e3-mc4-aomqtt-fr-r06,1,e3-mc4-pub1,7000,7000,6000,1000,100.00063110777836,1790450187.6468124,1790450247.6364338,0.34618756730508593,0.4332044507464161,0.9802399981708732,0.346,0.433,0,0,0.0,5614000,751187,935.6666666666666,61,6.442600196721311,10.000026,16.998764,42727.2131147541,49912.0,30000,4630,5000,370,0.926,0.511531392733256,0.7598400115966797,0.8559274673461906,15.637397766113281
r06,e3-mc4-aomqtt-fr-r06,2,e3-mc4-pub2,7000,7000,6000,1000,100.00050710803947,1790450187.651381,1790450247.6410768,0.33288725986078915,0.3804757667239755,1.3674029614776373,0.333,0.38,0,0,0.0,5614000,751259,935.6666666666666,61,5.704914049180328,9.000005,11.000012,42675.147540983606,49776.0,30000,4627,5000,373,0.9254,0.44992408752441404,0.6229877471923828,0.7905983924865719,14.650106430053711
r06,e3-mc4-aomqtt-fr-r06,3,e3-mc4-pub3,7000,7000,6000,1000,100.00041530073861,1790450187.649529,1790450247.6392798,0.3387582720190819,0.41955188498832274,1.1659000301733613,0.339,0.42,0,0,0.0,5614000,751050,935.6666666666666,61,6.131147524590164,9.000342,15.00018,42603.80327868852,49776.0,30000,4634,5000,366,0.9268,0.49154190222422284,0.7545948028564453,0.8437633514404297,13.016700744628906
r06,e3-mc4-aomqtt-fr-r06,4,e3-mc4-pub4,7000,7000,6000,1000,100.0004057623274,1790450187.6530247,1790450247.6427813,0.3474256238467725,0.4073128395248204,1.095667015761137,0.347,0.407,0,0,0.0,5614000,751210,935.6666666666666,61,5.999994098360656,9.000059,16.999927,42884.983606557376,50032.0,30000,4628,5000,372,0.9256,0.436640469233195,0.629425048828125,0.7987093925476063,13.430356979370117
r06,e3-mc4-aomqtt-fr-r06,5,e3-mc4-pub5,7000,7000,6000,1000,100.00041053153278,1790450187.6514778,1790450247.6412315,0.356384825510239,0.41750854579731816,1.1124479351565242,0.356,0.418,0,0,0.0,5614000,751251,935.6666666666666,61,5.803280868852459,9.000019,10.000005,42679.34426229508,49776.0,30000,4627,5000,373,0.9254,0.5143456935882569,0.7689118385314939,0.917680263519286,14.684438705444336
r07,e3-mc4-aomqtt-fr-r07,1,e3-mc4-pub1,7000,7000,6000,1000,100.00029805789386,1790451412.5071442,1790451472.4969654,0.34156654539349673,0.4110296522412682,1.0332319980079774,0.342,0.411,0,0,0.0,5614000,751294,935.6666666666666,61,5.6065603934426225,8.000029,9.000125,42519.86885245902,49648.0,30000,4700,5000,300,0.94,0.38135449091593426,0.5252361297607422,0.7712841033935547,14.34016227722168
r07,e3-mc4-aomqtt-fr-r07,2,e3-mc4-pub2,7000,7000,6000,1000,100.00011921340598,1790451412.5105546,1790451472.500483,0.3436781341110223,0.43363324948586496,1.3498809421434999,0.344,0.434,0,0,0.0,5614000,751226,935.6666666666666,61,6.213125147540984,8.999974,16.000754,42435.934426229505,49776.0,30000,4703,5000,297,0.9406,0.4234680414199829,0.6453990936279297,0.7858324050903313,15.338659286499023
r07,e3-mc4-aomqtt-fr-r07,3,e3-mc4-pub3,7000,7000,6000,1000,100.00029925019258,1790451412.5092516,1790451472.499072,0.3444376778622557,0.40139006450772274,1.1311250273138285,0.344,0.401,0,0,0.0,5614000,751109,935.6666666666666,61,5.868849836065574,9.000016,10.000068,42500.983606557376,49776.0,30000,4700,5000,300,0.94,0.42567968368530273,0.645172595977783,0.7984638214111328,16.28851890563965
r07,e3-mc4-aomqtt-fr-r07,4,e3-mc4-pub4,7000,7000,6000,1000,99.99989744712943,1790451412.5056903,1790451472.4957519,0.3572487674620269,0.4632777592632918,1.055827015079558,0.357,0.463,0,0,0.0,5614000,751211,935.6666666666666,61,6.950825639344262,10.00001,16.000509,42708.72131147541,50032.0,30000,4694,5000,306,0.9388,0.5053965409596761,0.7441043853759766,0.842335224151611,10.703563690185547
r07,e3-mc4-aomqtt-fr-r07,5,e3-mc4-pub5,7000,7000,6000,1000,100.000412121268,1790451412.5061333,1790451472.495886,0.33984283718746156,0.40492904954589903,0.9984700009226799,0.34,0.405,0,0,0.0,5614000,751270,935.6666666666666,61,5.852462262295083,9.000003,15.000451,42414.95081967213,49776.0,30000,4695,5000,305,0.939,0.38674415747324625,0.5700707435607908,0.7896447181701657,14.967679977416992
r08,e3-mc4-aomqtt-fr-r08,1,e3-mc4-pub1,7000,7000,6000,1000,100.00034574986533,1790451763.7973583,1790451823.7871509,0.3713617756870268,0.5943517493506074,1.138896001066314,0.371,0.594,0,0,0.0,5614000,751264,935.6666666666666,61,5.672125442622951,8.999986,15.000009,42058.229508196724,49776.0,30000,4415,5000,585,0.883,0.5613967895507812,0.8859634399414062,1.069784164428711,15.255212783813477
r08,e3-mc4-aomqtt-fr-r08,2,e3-mc4-pub2,7000,7000,6000,1000,100.00023764812863,1790451763.7971373,1790451823.7869947,0.4106489022794579,0.6499980168882757,1.2967720394954085,0.411,0.65,0,0,0.0,5614000,751194,935.6666666666666,61,6.0983634098360655,9.999959,17.000028,42049.83606557377,49648.0,30000,4415,5000,585,0.883,0.569782026608785,0.8783340454101562,1.0612010955810547,15.232563018798828
r08,e3-mc4-aomqtt-fr-r08,3,e3-mc4-pub3,7000,7000,6000,1000,99.9997201937877,1790451763.7935276,1790451823.7836955,0.5043341502813357,0.7547752233222127,1.3576860073953867,0.504,0.755,0,0,0.0,5614000,751250,935.6666666666666,61,6.459012459016393,9.000031,10.000337,42207.40983606558,49772.0,30000,4410,5000,590,0.882,0.7692480882008871,1.0562062263488767,1.222612857818603,14.569282531738281
r08,e3-mc4-aomqtt-fr-r08,4,e3-mc4-pub4,7000,7000,6000,1000,99.99991453661038,1790451763.7934804,1790451823.7835317,0.46525185965999427,0.665842177113518,1.2836160603910685,0.465,0.666,0,0,0.0,5614000,751166,935.6666666666666,61,6.91802768852459,10.000138,11.000097,42463.2131147541,50032.0,30000,4410,5000,590,0.882,0.602536416053772,0.9105205535888672,1.1456036567687984,9.392261505126953
r08,e3-mc4-aomqtt-fr-r08,5,e3-mc4-pub5,7000,7000,6000,1000,100.00017167438945,1790451763.7969103,1790451823.7868073,0.4431444976112938,0.6401146238204091,1.2496960116550326,0.443,0.64,0,0,0.0,5614000,751127,935.6666666666666,61,6.7049173934426225,9.000029,11.0,42219.80327868852,49776.0,30000,4415,5000,585,0.883,0.5606986363728841,0.8552193641662595,1.0280656814575189,11.419534683227539
r09,e3-mc4-aomqtt-fr-r09,1,e3-mc4-pub1,7000,7000,6000,1000,100.00032230130701,1790452085.5534654,1790452145.543272,0.39639629732794546,0.5755231008151895,0.9857950026344042,0.396,0.576,0,0,0.0,5614000,751231,935.6666666666666,61,6.114755426229508,9.999971,11.000064,41902.75409836065,49780.0,30000,4365,5000,635,0.873,0.482776673634847,0.7467389106750486,0.9057521820068359,71.79951667785645
r09,e3-mc4-aomqtt-fr-r09,2,e3-mc4-pub2,7000,7000,6000,1000,100.0003509164983,1790452085.5505154,1790452145.540305,0.3910567237430119,0.5751319811679421,1.0295439278706908,0.391,0.575,0,0,0.0,5614000,751284,935.6666666666666,61,6.344263262295082,9.999706,11.000026,42047.737704918036,49776.0,30000,4372,5000,628,0.8744,0.49319236278533934,0.7755756378173828,0.8919310569763172,65.60277938842773
r09,e3-mc4-aomqtt-fr-r09,3,e3-mc4-pub3,7000,7000,6000,1000,100.00049399270046,1790452085.547598,1790452145.5373015,0.35379311244469136,0.5043514538556337,1.0014449944719672,0.354,0.504,0,0,0.0,5614000,751206,935.6666666666666,61,5.885252049180329,9.999635,15.000573,41852.59016393442,49776.0,30000,4369,5000,631,0.8738,0.4654049952824911,0.732421875,0.8890628814697266,68.14956665039062
r09,e3-mc4-aomqtt-fr-r09,4,e3-mc4-pub4,7000,7000,6000,1000,100.00040973666518,1790452085.5481904,1790452145.5379446,0.35529615108056795,0.44336399878375227,1.1392369633540511,0.355,0.443,0,0,0.0,5614000,751125,935.6666666666666,61,5.868865950819672,10.000001,16.00083,42144.262295081964,50032.0,30000,4372,5000,628,0.8744,0.3938670873641968,0.5211830139160156,0.8685827255248986,67.73662567138672
r09,e3-mc4-aomqtt-fr-r09,5,e3-mc4-pub5,7000,7000,6000,1000,100.00037237790252,1790452085.5472836,1790452145.5370603,0.3767444692951228,0.5428246688097714,1.0049249976873398,0.377,0.543,0,0,0.0,5614000,751023,935.6666666666666,61,6.213115114754098,10.000146,11.000417,41932.32786885246,49776.0,30000,4369,5000,631,0.8738,0.500242821375529,0.7681846618652344,0.9171962738037109,68.25971603393555
r10,e3-mc4-aomqtt-fr-r10,1,e3-mc4-pub1,7000,7000,6000,1000,100.00062077445504,1790452938.0714836,1790452998.0611112,0.37286253584274426,0.4844865496124838,1.2419779995980207,0.373,0.484,0,0,0.0,5614000,751154,935.6666666666666,61,6.639374147540984,10.008439,18.000516,42240.7868852459,49776.0,30000,4645,5000,355,0.929,0.5048066298166911,0.7505416870117188,0.8704662322998047,33.985137939453125
r10,e3-mc4-aomqtt-fr-r10,2,e3-mc4-pub2,7000,7000,6000,1000,100.0004276211891,1790452938.0686977,1790452998.0584412,0.34318670079976854,0.4519603156950325,1.2236570473760366,0.343,0.452,0,0,0.0,5614000,751016,935.6666666666666,61,5.9180315573770494,9.999646,10.000408,42362.688524590165,49772.0,30000,4653,5000,347,0.9306,0.48513902028401695,0.736236572265625,0.8597373962402344,36.33236885070801
r10,e3-mc4-aomqtt-fr-r10,3,e3-mc4-pub3,7000,7000,6000,1000,100.0000011763944,1790452938.0625546,1790452998.052554,0.3382495090564979,0.3787260968238114,1.3530310243368149,0.338,0.379,0,0,0.0,5614000,751266,935.6666666666666,61,5.524592967213115,8.000328,9.999995,42410.55737704918,49780.0,30000,4648,5000,352,0.9296,0.4440543492635091,0.6113052368164062,0.8089542388916016,33.03050994873047
r10,e3-mc4-aomqtt-fr-r10,4,e3-mc4-pub4,7000,7000,6000,1000,100.00035568569845,1790452938.0638096,1790452998.0535963,0.3463596101085256,0.3981566231232136,1.0600690729916096,0.346,0.398,0,0,0.0,5614000,751258,935.6666666666666,61,5.770493327868852,8.999983,10.000019,42677.24590163935,50032.0,30000,4650,5000,350,0.93,0.4304397900899251,0.5900859832763672,0.7898879051208485,31.863689422607422
r10,e3-mc4-aomqtt-fr-r10,5,e3-mc4-pub5,7000,7000,6000,1000,100.00082108233377,1790452938.0672932,1790452998.0568006,0.3748896657988163,0.5085819633677598,1.0298079578205943,0.375,0.509,0,0,0.0,5614000,751189,935.6666666666666,61,6.68853193442623,10.00004,11.000012,42551.54098360656,49900.0,30000,4651,5000,349,0.9302,0.4930935064951579,0.7283687591552734,0.8595037460327141,28.801679611206055
