run,run_id,subscriber,client_id,raw_rows,decrypt_success_rows,decrypt_failures,unique_logical_observations,duplicates,missing_logical,unexpected_logical,redundant_observation_opportunities,unobserved_redundant_observations,redundant_copy_observation_ratio,delivery_latency_mean_ms,delivery_latency_p95_ms,delivery_latency_p99_ms,delivery_latency_max_ms,resource_samples,cpu_mean_one_core_pct,cpu_p95_one_core_pct,cpu_max_one_core_pct,rss_mean_kib,rss_max_kib
r01,e3-mc4-aomqtt-fr-r01,1,e3-mc4-sub1,34785,34785,0,30000,4785,0,0,5000,215,0.957,0.3536375363667806,0.5319118499755859,0.6318092346191406,9.593963623046875,61,12.360647360655738,20.0,21.00039,45561.44262295082,54832.0
r01,e3-mc4-aomqtt-fr-r01,2,e3-mc4-sub2,34382,34382,0,30000,4382,0,0,5000,618,0.8764,0.39200074672698976,0.5860447883605955,0.8571219444274891,17.259597778320312,61,12.672146672131147,20.999922,23.000225,45201.311475409835,54456.0
r01,e3-mc4-aomqtt-fr-r01,3,e3-mc4-sub3,34249,34249,0,30000,4249,0,0,5000,751,0.8498,0.46243178049723305,0.7102608680725095,0.9367513656616203,11.771440505981445,61,15.081970918032788,22.000058,23.000422,45214.360655737706,54564.0
r01,e3-mc4-aomqtt-fr-r01,4,e3-mc4-sub4,34047,34047,0,30000,4047,0,0,5000,953,0.8094,0.5164968093236287,0.7898807525634766,1.013531684875486,16.551733016967773,61,15.508204049180328,22.000376,24.000074,45354.75409836065,54420.0
r01,e3-mc4-aomqtt-fr-r01,5,e3-mc4-sub5,34753,34753,0,30000,4753,0,0,5000,247,0.9506,0.3837250550587972,0.5555152893066406,0.6730556488037109,12.674570083618164,61,12.42624186885246,20.000513,20.999989,45591.67213114754,54896.0
r02,e3-mc4-aomqtt-fr-r02,1,e3-mc4-sub1,34962,34962,0,30000,4962,0,0,5000,38,0.9924,0.6215958833694458,0.9653568267822266,1.1563301086425781,14.463663101196289,61,12.049173590163935,18.000056,20.00007,45484.32786885246,54768.0
r02,e3-mc4-aomqtt-fr-r02,2,e3-mc4-sub2,34691,34691,0,30000,4691,0,0,5000,309,0.9382,0.6715963363647461,1.0519027709960938,1.2505102157592767,19.089937210083008,61,12.22951842622951,20.00018,21.999611,45134.49180327869,54700.0
r02,e3-mc4-aomqtt-fr-r02,3,e3-mc4-sub3,34897,34897,0,30000,4897,0,0,5000,103,0.9794,0.680665651957194,1.035928726196289,1.1763572692871094,13.347864151000977,61,11.983599295081968,17.999986,19.000005,45189.37704918033,54888.0
r02,e3-mc4-aomqtt-fr-r02,4,e3-mc4-sub4,34267,34267,0,30000,4267,0,0,5000,733,0.8534,0.7412380854288737,1.102447509765625,1.2633943557739236,19.419193267822266,61,12.16394037704918,18.000072,21.000075,45330.16393442623,54696.0
r02,e3-mc4-aomqtt-fr-r02,5,e3-mc4-sub5,34392,34392,0,30000,4392,0,0,5000,608,0.8784,0.6053714911142986,0.9086132049560547,1.0998272895812984,15.031576156616211,61,11.37703531147541,18.000033,19.999981,45226.229508196724,54632.0
r03,e3-mc4-aomqtt-fr-r03,1,e3-mc4-sub1,34513,34513,0,30000,4513,0,0,5000,487,0.9026,0.4746988296508789,0.7123947143554688,0.9195804595947266,13.595342636108398,61,12.065562819672131,19.999765,20.000686,45301.57377049181,54740.0
r03,e3-mc4-aomqtt-fr-r03,2,e3-mc4-sub2,34589,34589,0,30000,4589,0,0,5000,411,0.9178,0.4855353911717733,0.7243275642395017,0.9486699104309079,14.493227005004883,61,12.557375196721312,19.999965,21.00017,45079.86885245902,54760.0
r03,e3-mc4-aomqtt-fr-r03,3,e3-mc4-sub3,34753,34753,0,30000,4753,0,0,5000,247,0.9506,0.48023922443389894,0.7576942443847656,0.8826279640197751,16.15285873413086,62,13.838703919354838,20.000428399999997,21.001341,45353.41935483871,54912.0
r03,e3-mc4-aomqtt-fr-r03,4,e3-mc4-sub4,34253,34253,0,30000,4253,0,0,5000,747,0.8506,0.5485338131586711,0.8497357368469236,1.0020756721496578,18.925189971923828,61,13.901637491803278,21.00041,22.000248,45224.72131147541,54564.0
r03,e3-mc4-aomqtt-fr-r03,5,e3-mc4-sub5,34700,34700,0,30000,4700,0,0,5000,300,0.94,0.43282984097798666,0.6568431854248047,0.8101582527160626,14.792203903198242,61,12.01638642622951,19.999869,21.000195,45149.770491803276,54856.0
r04,e3-mc4-aomqtt-fr-r04,1,e3-mc4-sub1,34763,34763,0,30000,4763,0,0,5000,237,0.9526,0.4560283025105794,0.7071495056152344,0.8802413940429688,14.634132385253906,61,11.836060770491802,18.000117,19.0001,45079.016393442624,54788.0
r04,e3-mc4-aomqtt-fr-r04,2,e3-mc4-sub2,34988,34988,0,30000,4988,0,0,5000,12,0.9976,0.5214013973871867,0.6835460662841797,0.8554458618164062,98.62804412841797,62,12.4354735,18.999868850000002,20.000313,45350.06451612903,55012.0
r04,e3-mc4-aomqtt-fr-r04,3,e3-mc4-sub3,34748,34748,0,30000,4748,0,0,5000,252,0.9496,0.550644056002299,0.8938312530517578,1.091251373291014,13.531923294067383,61,13.573771163934426,20.999357,22.000061,45193.37704918033,54828.0
r04,e3-mc4-aomqtt-fr-r04,4,e3-mc4-sub4,34057,34057,0,30000,4057,0,0,5000,943,0.8114,0.5665465354919433,0.9205460548400877,1.119139194488525,13.764142990112305,61,13.393439918032787,20.000193,21.000862,45102.29508196721,54300.0
r04,e3-mc4-aomqtt-fr-r04,5,e3-mc4-sub5,34743,34743,0,30000,4743,0,0,5000,257,0.9486,0.5207138935724894,0.7576942443847656,0.9369874000549313,59.55076217651367,61,12.196718557377048,19.999987,21.000014,45186.42622950819,54860.0
r05,e3-mc4-aomqtt-fr-r05,1,e3-mc4-sub1,34253,34253,0,30000,4253,0,0,5000,747,0.8506,0.4830434481302897,0.7784366607666016,0.9229183197021484,11.474370956420898,61,11.524587967213115,17.999967,19.00006,45314.88524590164,54524.0
r05,e3-mc4-aomqtt-fr-r05,2,e3-mc4-sub2,34764,34764,0,30000,4764,0,0,5000,236,0.9528,0.4611603895823161,0.7288455963134766,0.838520526885986,31.035184860229492,61,11.83606531147541,18.000836,19.999169,45496.983606557376,55244.0
r05,e3-mc4-aomqtt-fr-r05,3,e3-mc4-sub3,34019,34019,0,30000,4019,0,0,5000,981,0.8038,0.5842857360839844,0.9045600891113281,1.0974407196044922,13.774871826171875,61,12.721319508196721,19.000015,20.001009,45315.08196721312,54264.0
r05,e3-mc4-aomqtt-fr-r05,4,e3-mc4-sub4,34269,34269,0,30000,4269,0,0,5000,731,0.8538,0.6274511655171712,0.9415149688720703,1.1253404617309564,15.260934829711914,61,13.836070934426228,21.000033,23.99998,45305.44262295082,54400.0
r05,e3-mc4-aomqtt-fr-r05,5,e3-mc4-sub5,34761,34761,0,30000,4761,0,0,5000,239,0.9522,0.5237419684727986,0.7996678352355955,0.9121894836425781,13.31329345703125,61,12.229503967213114,19.00007,19.999891,45375.737704918036,55024.0
r06,e3-mc4-aomqtt-fr-r06,1,e3-mc4-sub1,34331,34331,0,30000,4331,0,0,5000,669,0.8662,0.41439178784688313,0.6480216979980469,0.8194494247436516,11.975526809692383,61,11.80327193442623,18.000435,19.000067,45708.32786885246,54664.0
r06,e3-mc4-aomqtt-fr-r06,2,e3-mc4-sub2,34179,34179,0,30000,4179,0,0,5000,821,0.8358,0.4405775229136149,0.682830810546875,0.8618831634521484,13.967275619506836,61,12.114748459016393,19.000171,21.000841,45412.39344262295,54516.0
r06,e3-mc4-aomqtt-fr-r06,3,e3-mc4-sub3,34976,34976,0,30000,4976,0,0,5000,24,0.9952,0.4910916248957316,0.7257580757141111,0.8189678192138672,14.684438705444336,61,16.4753998852459,22.000002,24.00022,45814.49180327869,55204.0
r06,e3-mc4-aomqtt-fr-r06,4,e3-mc4-sub4,34772,34772,0,30000,4772,0,0,5000,228,0.9544,0.5341041008631389,0.7805824279785156,0.8666539192199704,11.987924575805664,61,16.327875655737703,22.000009,24.999307,45823.54098360656,55108.0
r06,e3-mc4-aomqtt-fr-r06,5,e3-mc4-sub5,34888,34888,0,30000,4888,0,0,5000,112,0.9776,0.5238185087839763,0.7505536079406736,0.8442425727844235,15.637397766113281,61,15.098129967213115,22.999992,23.000899,45830.16393442623,55208.0
r07,e3-mc4-aomqtt-fr-r07,1,e3-mc4-sub1,34614,34614,0,30000,4614,0,0,5000,386,0.9228,0.3868513743082682,0.6172657012939453,0.7674741744995109,12.59469985961914,61,12.08195955737705,18.999972,21.999635,45488.852459016394,54920.0
r07,e3-mc4-aomqtt-fr-r07,2,e3-mc4-sub2,34864,34864,0,30000,4864,0,0,5000,136,0.9728,0.38615742524464924,0.6082057952880859,0.6833100318908688,16.28851890563965,61,12.590160573770492,20.000066,22.000067,45486.95081967213,55024.0
r07,e3-mc4-aomqtt-fr-r07,3,e3-mc4-sub3,34553,34553,0,30000,4553,0,0,5000,447,0.9106,0.47442306677500407,0.7410049438476562,0.8463907241821281,13.202667236328125,61,15.688512295081967,24.000043,26.000663,45464.72131147541,54572.0
r07,e3-mc4-aomqtt-fr-r07,4,e3-mc4-sub4,34942,34942,0,30000,4942,0,0,5000,58,0.9884,0.45773831208546956,0.7088184356689453,0.7984662055969235,12.777090072631836,61,15.688524770491803,22.999897,23.99995,45637.18032786885,55252.0
r07,e3-mc4-aomqtt-fr-r07,5,e3-mc4-sub5,34519,34519,0,30000,4519,0,0,5000,481,0.9038,0.41747273604075114,0.6494522094726562,0.8077621459960938,14.967679977416992,61,11.786890049180327,19.000078,21.000209,45563.54098360656,54728.0
r08,e3-mc4-aomqtt-fr-r08,1,e3-mc4-sub1,34528,34528,0,30000,4528,0,0,5000,472,0.9056,0.5877207676569621,0.8735775947570799,1.0404586791992188,14.118671417236328,61,11.57377037704918,17.999221,19.999987,45134.49180327869,54804.0
r08,e3-mc4-aomqtt-fr-r08,2,e3-mc4-sub2,34753,34753,0,30000,4753,0,0,5000,247,0.9506,0.534048589070638,0.8108615875244141,0.9446144104003906,14.569282531738281,61,11.786892098360655,19.000939,20.000844,45098.42622950819,54796.0
r08,e3-mc4-aomqtt-fr-r08,3,e3-mc4-sub3,34683,34683,0,30000,4683,0,0,5000,317,0.9366,0.6207262992858886,0.9465217590332031,1.1022138595581048,14.510154724121094,61,12.344269442622952,18.001021,19.000022,45219.08196721312,55004.0
r08,e3-mc4-aomqtt-fr-r08,4,e3-mc4-sub4,34038,34038,0,30000,4038,0,0,5000,962,0.8076,0.6723181406656901,1.0259270668029783,1.209502220153808,14.010906219482422,61,11.590165983606557,17.999973,18.000098,44668.45901639344,54404.0
r08,e3-mc4-aomqtt-fr-r08,5,e3-mc4-sub5,34063,34063,0,30000,4063,0,0,5000,937,0.8126,0.6488481601079304,0.9686946868896484,1.1909008026123047,15.255212783813477,60,11.933344033333332,18.9999177,20.000951,44942.46666666667,54488.0
r09,e3-mc4-aomqtt-fr-r09,1,e3-mc4-sub1,34191,34191,0,30000,4191,0,0,5000,809,0.8382,0.46047234535217285,0.7455468177795408,0.8962154388427734,11.153936386108398,61,12.13113681967213,19.999634,20.000476,44395.27868852459,54416.0
r09,e3-mc4-aomqtt-fr-r09,2,e3-mc4-sub2,34657,34657,0,30000,4657,0,0,5000,343,0.9314,0.43147898515065514,0.6132125854492188,0.7300376892089844,71.79951667785645,61,12.032794639344262,18.999976,20.00003,44817.57377049181,54764.0
r09,e3-mc4-aomqtt-fr-r09,3,e3-mc4-sub3,34214,34214,0,30000,4214,0,0,5000,786,0.8428,0.5102322816848754,0.8037090301513672,0.9524822235107422,10.283946990966797,61,14.39343986885246,21.000124,22.999863,44554.229508196724,54504.0
r09,e3-mc4-aomqtt-fr-r09,4,e3-mc4-sub4,34551,34551,0,30000,4551,0,0,5000,449,0.9102,0.5034300406773885,0.7724761962890625,0.9045648574829094,10.31494140625,61,14.90164781967213,21.000019,23.000181,44850.098360655735,54776.0
r09,e3-mc4-aomqtt-fr-r09,5,e3-mc4-sub5,34234,34234,0,30000,4234,0,0,5000,766,0.8468,0.4298702875773112,0.6926059722900391,0.8404278755187985,12.091398239135742,61,12.295082508196721,19.999249,21.99996,44547.54098360656,54656.0
r10,e3-mc4-aomqtt-fr-r10,1,e3-mc4-sub1,34613,34613,0,30000,4613,0,0,5000,387,0.9226,0.4069941202799479,0.6289482116699219,0.8101463317871094,36.33236885070801,61,12.704909721311475,20.999849,22.999993,45184.524590163935,54792.0
r10,e3-mc4-aomqtt-fr-r10,2,e3-mc4-sub2,34673,34673,0,30000,4673,0,0,5000,327,0.9346,0.42362789312998456,0.6532788276672361,0.785114765167236,13.751029968261719,61,14.770484295081967,23.999071,25.000559,45074.75409836065,54752.0
r10,e3-mc4-aomqtt-fr-r10,3,e3-mc4-sub3,34485,34485,0,30000,4485,0,0,5000,515,0.897,0.5231990496317546,0.7719993591308594,0.8730888366699219,12.670278549194336,61,15.655730327868852,21.000037,24.999902,45208.19672131148,54780.0
r10,e3-mc4-aomqtt-fr-r10,4,e3-mc4-sub4,34945,34945,0,30000,4945,0,0,5000,55,0.989,0.5184506416320801,0.7367134094238281,0.8370923995971672,11.024236679077148,61,18.245901836065574,25.000895,26.999943,45378.88524590164,54904.0
r10,e3-mc4-aomqtt-fr-r10,5,e3-mc4-sub5,34531,34531,0,30000,4531,0,0,5000,469,0.9062,0.48526159127553303,0.7140636444091797,0.8749985694885251,13.278961181640625,61,13.229506,20.000097,24.000166,45185.04918032787,54760.0
