run,run_id,publishers,subscribers,published_logical_messages,expected_unique_subscriber_observations,delivered_unique_subscriber_observations,subscriber_unique_observation_rate,decrypt_failures,missing_logical_observations,unexpected_logical_observations,publisher_physical_rows,publisher_physical_success,publisher_redundant_rows,subscriber_raw_rows,subscriber_duplicates,redundant_observation_opportunities,unobserved_redundant_observations,redundant_copy_observation_ratio,pacing_deadline_misses,effective_rate_total_msg_s,effective_rate_mean_per_publisher_msg_s,publisher_first_metric_timestamp_spread_ms,publisher_complete_mean_ms,publisher_complete_p95_ms,publisher_complete_max_ms,latency_mean_ms,latency_p95_ms,latency_p99_ms,latency_max_ms,encrypted_payload_bytes_total,plain_logical_bytes_total,encrypted_payload_bytes_per_logical,broker_resource_samples,broker_cpu_mean_one_core_pct,broker_cpu_p95_one_core_pct,broker_cpu_max_one_core_pct,broker_rss_mean_kib,broker_rss_max_kib,publisher_cpu_sum_mean_one_core_pct,publisher_cpu_mean_per_client_one_core_pct,publisher_rss_sum_mean_kib,publisher_rss_mean_per_client_kib,subscriber_cpu_sum_mean_one_core_pct,subscriber_cpu_mean_per_client_one_core_pct,subscriber_rss_sum_mean_kib,subscriber_rss_mean_per_client_kib,logical_window_start_epoch,logical_window_end_epoch,logical_window_duration_s
r01,e3-mc4-aomqtt-fr-r01,5,5,30000,150000,150000,1.0,0,0,0,35000,35000,5000,172216,22216,25000,2784,0.88864,0,500.002417106048,100.0004834212096,4.551410675048828,0.3575220779011683,0.4393059985886792,1.1779220076277852,0.4216583855946859,0.6330013275146484,0.8919262886047385,17.259597778320312,28070000,3755951,935.6666666666666,61,8.01640631147541,14.000008,15.000171,8192.0,8192.0,30.000000540983606,6.000000108196721,211885.31147540984,42377.06229508197,68.04921086885246,13.609842173770492,226923.54098360654,45384.70819672131,1790426672.2013524,1790426732.1956625,59.99431014060974
r02,e3-mc4-aomqtt-fr-r02,5,5,30000,150000,150000,1.0,0,0,0,35000,35000,5000,173209,23209,25000,1791,0.92836,0,500.0027779762554,100.00055559525109,1.4400482177734375,0.37178796564372274,0.4957981024745095,2.075130003504455,0.6640934896469116,1.0294914245605469,1.2049698829650901,19.419193267822266,28070000,3755866,935.6666666666666,61,6.983597967213115,12.000898,13.999953,8192.0,8192.0,31.73772201639344,6.347544403278688,212202.95081967214,42440.59016393443,59.803267000000005,11.960653400000002,226364.59016393442,45272.91803278688,1790432689.9389465,1790432749.9299157,59.99096918106079
r03,e3-mc4-aomqtt-fr-r03,5,5,30000,150000,150000,1.0,0,0,0,35000,35000,5000,172808,22808,25000,2192,0.91232,0,500.0013535733384,100.00027071466768,11.27934455871582,0.3546774177066774,0.4553663835395127,1.1479168897494674,0.4843674198786418,0.7491111755371094,0.9250640869140625,18.925189971923828,28070000,3755705,935.6666666666666,61,7.704920786885246,12.000759,14.001737,8192.0,8192.0,29.34428681967213,5.868857363934426,211535.0819672131,42307.016393442624,64.37966585378106,12.875933170756213,226109.35378106823,45221.87075621365,1790433888.113214,1790433948.1143901,60.00117611885071
r04,e3-mc4-aomqtt-fr-r04,5,5,30000,150000,150000,1.0,0,0,0,35000,35000,5000,173299,23299,25000,1701,0.93196,0,500.00112902552814,100.00022580510563,44.67487335205078,0.3628944083753075,0.4695836920291183,2.4958059657365084,0.5230668369928996,0.8342266082763672,1.0251998901367188,98.62804412841797,28070000,3756052,935.6666666666666,61,8.049186901639345,14.000054,14.000637,8246.557377049181,8320.0,30.60657963934426,6.121315927868852,211569.24590163934,42313.84918032787,63.43546390983606,12.687092781967213,225911.17927022738,45182.23585404547,1790434246.8680336,1790434306.9025087,60.03447508811951
r05,e3-mc4-aomqtt-fr-r05,5,5,30000,150000,150000,1.0,0,0,0,35000,35000,5000,172066,22066,25000,2934,0.88264,0,500.00182016165746,100.00036403233149,3.742218017578125,0.36638401259915554,0.47770305536687374,1.9477000460028648,0.535936541557312,0.8521080017089844,1.02996826171875,31.035184860229492,28070000,3755920,935.6666666666666,61,7.934415885245902,13.999776,15.000482,8320.0,8320.0,30.803302672131146,6.1606605344262295,212987.73770491802,42597.54754098361,62.14754768852459,12.429509537704918,226808.131147541,45361.6262295082,1790449912.9734864,1790449972.9668672,59.9933807849884
r06,e3-mc4-aomqtt-fr-r06,5,5,30000,150000,150000,1.0,0,0,0,35000,35000,5000,173146,23146,25000,1854,0.92584,0,500.0023698104166,100.00047396208332,6.2122344970703125,0.3443287097083937,0.4156542825512588,1.3674029614776373,0.48079670906066896,0.7340908050537109,0.8456707000732422,15.637397766113281,28070000,3755957,935.6666666666666,61,7.836070327868852,13.000066,13.000719,8320.0,8320.0,30.08193673770492,6.0163873475409835,213570.49180327868,42714.098360655735,71.81942590163933,14.363885180327866,228588.9180327869,45717.78360655738,1790450187.6468124,1790450247.6427813,59.99596881866455
r07,e3-mc4-aomqtt-fr-r07,5,5,30000,150000,150000,1.0,0,0,0,35000,35000,5000,173492,23492,25000,1508,0.93968,0,500.0010260898898,100.00020521797796,4.864215850830078,0.3453547924032526,0.42134675895795204,1.3498809421434999,0.42452858289082845,0.6632804870605469,0.8018016815185547,16.28851890563965,28070000,3756110,935.6666666666666,61,7.803284409836066,13.999339,14.999525,8320.0,8320.0,30.491823278688525,6.098364655737705,212580.45901639343,42516.09180327869,67.83604724590164,13.567209449180329,227641.24590163934,45528.24918032787,1790451412.5056903,1790451472.500483,59.99479269981384
r08,e3-mc4-aomqtt-fr-r08,5,5,30000,150000,150000,1.0,0,0,0,35000,35000,5000,172065,22065,25000,2935,0.8826,0,500.00038980278146,100.0000779605563,3.877878189086914,0.4389482371038217,0.6820660550147291,1.3576860073953867,0.6127323913574219,0.9415149688720703,1.1327266693115234,15.255212783813477,28070000,3756001,935.6666666666666,61,9.000005934426229,13.000773,14.999599,8320.0,8320.0,31.852446393442623,6.370489278688525,210998.49180327868,42199.69836065573,59.22844193497268,11.845688386994535,225062.9256830601,45012.58513661202,1790451763.7934804,1790451823.7871509,59.99367046356201
r09,e3-mc4-aomqtt-fr-r09,5,5,30000,150000,150000,1.0,0,0,0,35000,35000,5000,171847,21847,25000,3153,0.87388,0,500.0019493250735,100.0003898650147,6.1817169189453125,0.3746573507782679,0.5474734178278595,1.1392369633540511,0.46709678808848065,0.7407665252685547,0.8969306945800781,71.79951667785645,28070000,3755869,935.6666666666666,61,8.786884147540984,13.000016,14.000669,8320.0,8320.0,30.42625180327869,6.0852503606557375,209879.67213114753,41975.934426229505,65.7541016557377,13.15082033114754,223164.7213114754,44632.94426229508,1790452085.5472836,1790452145.543272,59.99598836898804
r10,e3-mc4-aomqtt-fr-r10,5,5,30000,150000,150000,1.0,0,0,0,35000,35000,5000,173247,23247,25000,1753,0.92988,0,500.00222634007076,100.00044526801415,8.929014205932617,0.35510960432127053,0.4438706519067636,1.3530310243368149,0.47150665918986,0.7054805755615234,0.8471012115478516,36.33236885070801,28070000,3755883,935.6666666666666,61,8.180329393442623,13.999984,15.000254,8320.0,8320.0,30.54102393442623,6.1082047868852465,212242.81967213115,42448.56393442623,74.60653218032787,14.921306436065574,226031.40983606558,45206.281967213115,1790452938.0625546,1790452998.0611112,59.99855661392212
