analysis,held_out_run,training_candidate_pairs,test_candidate_pairs,links,correct_links,top1_assignment_accuracy,mrr
B3_full,formal-r01,2816,704,88,88,1.0,0.9867424242424242
B3_full,formal-r02,2816,704,88,88,1.0,0.9914772727272727
B3_full,formal-r03,2816,704,88,88,1.0,0.9943181818181818
B3_full,formal-r04,2816,704,88,86,0.9772727272727273,0.9867424242424242
B3_full,formal-r05,2816,704,88,88,1.0,1.0
B3_base_no_cooccurrence,formal-r01,2816,704,88,28,0.3181818181818182,0.5933712121212121
B3_base_no_cooccurrence,formal-r02,2816,704,88,30,0.3409090909090909,0.5995535714285715
B3_base_no_cooccurrence,formal-r03,2816,704,88,29,0.32954545454545453,0.5542748917748918
B3_base_no_cooccurrence,formal-r04,2816,704,88,29,0.32954545454545453,0.5588068181818182
B3_base_no_cooccurrence,formal-r05,2816,704,88,37,0.42045454545454547,0.5501893939393939
B3_cooccurrence_only,formal-r01,2816,704,88,88,1.0,0.9805871212121212
B3_cooccurrence_only,formal-r02,2816,704,88,84,0.9545454545454546,0.9795454545454545
B3_cooccurrence_only,formal-r03,2816,704,88,88,1.0,0.9668560606060606
B3_cooccurrence_only,formal-r04,2816,704,88,84,0.9545454545454546,0.9829545454545454
B3_cooccurrence_only,formal-r05,2816,704,88,88,1.0,0.990909090909091
