analysis,held_out_run,transition_epoch,links,correct_links,top1_assignment_accuracy,mrr
B3_full,formal-r01,1,8,8,1.0,0.9166666666666666
B3_full,formal-r01,2,8,8,1.0,1.0
B3_full,formal-r01,3,8,8,1.0,1.0
B3_full,formal-r01,4,8,8,1.0,1.0
B3_full,formal-r01,5,8,8,1.0,1.0
B3_full,formal-r01,6,8,8,1.0,1.0
B3_full,formal-r01,7,8,8,1.0,1.0
B3_full,formal-r01,8,8,8,1.0,1.0
B3_full,formal-r01,9,8,8,1.0,1.0
B3_full,formal-r01,10,8,8,1.0,0.9375
B3_full,formal-r01,11,8,8,1.0,1.0
B3_full,formal-r02,1,8,8,1.0,1.0
B3_full,formal-r02,2,8,8,1.0,1.0
B3_full,formal-r02,3,8,8,1.0,0.90625
B3_full,formal-r02,4,8,8,1.0,1.0
B3_full,formal-r02,5,8,8,1.0,1.0
B3_full,formal-r02,6,8,8,1.0,1.0
B3_full,formal-r02,7,8,8,1.0,1.0
B3_full,formal-r02,8,8,8,1.0,1.0
B3_full,formal-r02,9,8,8,1.0,1.0
B3_full,formal-r02,10,8,8,1.0,1.0
B3_full,formal-r02,11,8,8,1.0,1.0
B3_full,formal-r03,1,8,8,1.0,1.0
B3_full,formal-r03,2,8,8,1.0,1.0
B3_full,formal-r03,3,8,8,1.0,1.0
B3_full,formal-r03,4,8,8,1.0,1.0
B3_full,formal-r03,5,8,8,1.0,1.0
B3_full,formal-r03,6,8,8,1.0,1.0
B3_full,formal-r03,7,8,8,1.0,1.0
B3_full,formal-r03,8,8,8,1.0,0.9375
B3_full,formal-r03,9,8,8,1.0,1.0
B3_full,formal-r03,10,8,8,1.0,1.0
B3_full,formal-r03,11,8,8,1.0,1.0
B3_full,formal-r04,1,8,6,0.75,0.9375
B3_full,formal-r04,2,8,8,1.0,1.0
B3_full,formal-r04,3,8,8,1.0,1.0
B3_full,formal-r04,4,8,8,1.0,1.0
B3_full,formal-r04,5,8,8,1.0,1.0
B3_full,formal-r04,6,8,8,1.0,0.9166666666666666
B3_full,formal-r04,7,8,8,1.0,1.0
B3_full,formal-r04,8,8,8,1.0,1.0
B3_full,formal-r04,9,8,8,1.0,1.0
B3_full,formal-r04,10,8,8,1.0,1.0
B3_full,formal-r04,11,8,8,1.0,1.0
B3_full,formal-r05,1,8,8,1.0,1.0
B3_full,formal-r05,2,8,8,1.0,1.0
B3_full,formal-r05,3,8,8,1.0,1.0
B3_full,formal-r05,4,8,8,1.0,1.0
B3_full,formal-r05,5,8,8,1.0,1.0
B3_full,formal-r05,6,8,8,1.0,1.0
B3_full,formal-r05,7,8,8,1.0,1.0
B3_full,formal-r05,8,8,8,1.0,1.0
B3_full,formal-r05,9,8,8,1.0,1.0
B3_full,formal-r05,10,8,8,1.0,1.0
B3_full,formal-r05,11,8,8,1.0,1.0
B3_base_no_cooccurrence,formal-r01,1,8,1,0.125,0.5979166666666667
B3_base_no_cooccurrence,formal-r01,2,8,3,0.375,0.5145833333333333
B3_base_no_cooccurrence,formal-r01,3,8,2,0.25,0.4895833333333333
B3_base_no_cooccurrence,formal-r01,4,8,1,0.125,0.5104166666666666
B3_base_no_cooccurrence,formal-r01,5,8,2,0.25,0.6875
B3_base_no_cooccurrence,formal-r01,6,8,5,0.625,0.6708333333333333
B3_base_no_cooccurrence,formal-r01,7,8,5,0.625,0.7291666666666666
B3_base_no_cooccurrence,formal-r01,8,8,6,0.75,0.75
B3_base_no_cooccurrence,formal-r01,9,8,3,0.375,0.59375
B3_base_no_cooccurrence,formal-r01,10,8,0,0.0,0.42083333333333334
B3_base_no_cooccurrence,formal-r01,11,8,0,0.0,0.5625
B3_base_no_cooccurrence,formal-r02,1,8,3,0.375,0.4791666666666667
B3_base_no_cooccurrence,formal-r02,2,8,4,0.5,0.6979166666666666
B3_base_no_cooccurrence,formal-r02,3,8,3,0.375,0.6395833333333333
B3_base_no_cooccurrence,formal-r02,4,8,2,0.25,0.4583333333333333
B3_base_no_cooccurrence,formal-r02,5,8,2,0.25,0.5491071428571429
B3_base_no_cooccurrence,formal-r02,6,8,2,0.25,0.5875
B3_base_no_cooccurrence,formal-r02,7,8,1,0.125,0.5282738095238095
B3_base_no_cooccurrence,formal-r02,8,8,1,0.125,0.6614583333333334
B3_base_no_cooccurrence,formal-r02,9,8,4,0.5,0.7916666666666666
B3_base_no_cooccurrence,formal-r02,10,8,4,0.5,0.55625
B3_base_no_cooccurrence,formal-r02,11,8,4,0.5,0.6458333333333334
B3_base_no_cooccurrence,formal-r03,1,8,3,0.375,0.6083333333333333
B3_base_no_cooccurrence,formal-r03,2,8,1,0.125,0.6083333333333333
B3_base_no_cooccurrence,formal-r03,3,8,4,0.5,0.6041666666666666
B3_base_no_cooccurrence,formal-r03,4,8,2,0.25,0.5520833333333334
B3_base_no_cooccurrence,formal-r03,5,8,5,0.625,0.5074404761904762
B3_base_no_cooccurrence,formal-r03,6,8,4,0.5,0.5770833333333333
B3_base_no_cooccurrence,formal-r03,7,8,4,0.5,0.65625
B3_base_no_cooccurrence,formal-r03,8,8,2,0.25,0.37916666666666665
B3_base_no_cooccurrence,formal-r03,9,8,0,0.0,0.40625
B3_base_no_cooccurrence,formal-r03,10,8,2,0.25,0.6145833333333334
B3_base_no_cooccurrence,formal-r03,11,8,2,0.25,0.5833333333333334
B3_base_no_cooccurrence,formal-r04,1,8,5,0.625,0.625
B3_base_no_cooccurrence,formal-r04,2,8,4,0.5,0.5677083333333334
B3_base_no_cooccurrence,formal-r04,3,8,3,0.375,0.5770833333333333
B3_base_no_cooccurrence,formal-r04,4,8,3,0.375,0.5979166666666667
B3_base_no_cooccurrence,formal-r04,5,8,1,0.125,0.4875
B3_base_no_cooccurrence,formal-r04,6,8,1,0.125,0.375
B3_base_no_cooccurrence,formal-r04,7,8,3,0.375,0.5708333333333333
B3_base_no_cooccurrence,formal-r04,8,8,2,0.25,0.6333333333333333
B3_base_no_cooccurrence,formal-r04,9,8,2,0.25,0.6041666666666666
B3_base_no_cooccurrence,formal-r04,10,8,3,0.375,0.6604166666666667
B3_base_no_cooccurrence,formal-r04,11,8,2,0.25,0.4479166666666667
B3_base_no_cooccurrence,formal-r05,1,8,3,0.375,0.65
B3_base_no_cooccurrence,formal-r05,2,8,4,0.5,0.5833333333333334
B3_base_no_cooccurrence,formal-r05,3,8,2,0.25,0.5979166666666667
B3_base_no_cooccurrence,formal-r05,4,8,4,0.5,0.5520833333333334
B3_base_no_cooccurrence,formal-r05,5,8,6,0.75,0.47291666666666665
B3_base_no_cooccurrence,formal-r05,6,8,1,0.125,0.5
B3_base_no_cooccurrence,formal-r05,7,8,2,0.25,0.4979166666666667
B3_base_no_cooccurrence,formal-r05,8,8,3,0.375,0.4479166666666667
B3_base_no_cooccurrence,formal-r05,9,8,1,0.125,0.6666666666666666
B3_base_no_cooccurrence,formal-r05,10,8,3,0.375,0.53125
B3_base_no_cooccurrence,formal-r05,11,8,8,1.0,0.5520833333333334
B3_cooccurrence_only,formal-r01,1,8,8,1.0,0.8958333333333334
B3_cooccurrence_only,formal-r01,2,8,8,1.0,1.0
B3_cooccurrence_only,formal-r01,3,8,8,1.0,1.0
B3_cooccurrence_only,formal-r01,4,8,8,1.0,1.0
B3_cooccurrence_only,formal-r01,5,8,8,1.0,1.0
B3_cooccurrence_only,formal-r01,6,8,8,1.0,1.0
B3_cooccurrence_only,formal-r01,7,8,8,1.0,1.0
B3_cooccurrence_only,formal-r01,8,8,8,1.0,1.0
B3_cooccurrence_only,formal-r01,9,8,8,1.0,1.0
B3_cooccurrence_only,formal-r01,10,8,8,1.0,0.890625
B3_cooccurrence_only,formal-r01,11,8,8,1.0,1.0
B3_cooccurrence_only,formal-r02,1,8,8,1.0,1.0
B3_cooccurrence_only,formal-r02,2,8,8,1.0,1.0
B3_cooccurrence_only,formal-r02,3,8,8,1.0,0.9
B3_cooccurrence_only,formal-r02,4,8,8,1.0,1.0
B3_cooccurrence_only,formal-r02,5,8,6,0.75,0.9375
B3_cooccurrence_only,formal-r02,6,8,8,1.0,1.0
B3_cooccurrence_only,formal-r02,7,8,8,1.0,1.0
B3_cooccurrence_only,formal-r02,8,8,8,1.0,1.0
B3_cooccurrence_only,formal-r02,9,8,6,0.75,0.9375
B3_cooccurrence_only,formal-r02,10,8,8,1.0,1.0
B3_cooccurrence_only,formal-r02,11,8,8,1.0,1.0
B3_cooccurrence_only,formal-r03,1,8,8,1.0,1.0
B3_cooccurrence_only,formal-r03,2,8,8,1.0,1.0
B3_cooccurrence_only,formal-r03,3,8,8,1.0,1.0
B3_cooccurrence_only,formal-r03,4,8,8,1.0,1.0
B3_cooccurrence_only,formal-r03,5,8,8,1.0,0.8958333333333334
B3_cooccurrence_only,formal-r03,6,8,8,1.0,1.0
B3_cooccurrence_only,formal-r03,7,8,8,1.0,0.9375
B3_cooccurrence_only,formal-r03,8,8,8,1.0,0.90625
B3_cooccurrence_only,formal-r03,9,8,8,1.0,1.0
B3_cooccurrence_only,formal-r03,10,8,8,1.0,1.0
B3_cooccurrence_only,formal-r03,11,8,8,1.0,0.8958333333333334
B3_cooccurrence_only,formal-r04,1,8,6,0.75,0.875
B3_cooccurrence_only,formal-r04,2,8,8,1.0,1.0
B3_cooccurrence_only,formal-r04,3,8,8,1.0,1.0
B3_cooccurrence_only,formal-r04,4,8,8,1.0,1.0
B3_cooccurrence_only,formal-r04,5,8,6,0.75,0.9375
B3_cooccurrence_only,formal-r04,6,8,8,1.0,1.0
B3_cooccurrence_only,formal-r04,7,8,8,1.0,1.0
B3_cooccurrence_only,formal-r04,8,8,8,1.0,1.0
B3_cooccurrence_only,formal-r04,9,8,8,1.0,1.0
B3_cooccurrence_only,formal-r04,10,8,8,1.0,1.0
B3_cooccurrence_only,formal-r04,11,8,8,1.0,1.0
B3_cooccurrence_only,formal-r05,1,8,8,1.0,1.0
B3_cooccurrence_only,formal-r05,2,8,8,1.0,1.0
B3_cooccurrence_only,formal-r05,3,8,8,1.0,1.0
B3_cooccurrence_only,formal-r05,4,8,8,1.0,1.0
B3_cooccurrence_only,formal-r05,5,8,8,1.0,1.0
B3_cooccurrence_only,formal-r05,6,8,8,1.0,1.0
B3_cooccurrence_only,formal-r05,7,8,8,1.0,1.0
B3_cooccurrence_only,formal-r05,8,8,8,1.0,1.0
B3_cooccurrence_only,formal-r05,9,8,8,1.0,0.9
B3_cooccurrence_only,formal-r05,10,8,8,1.0,1.0
B3_cooccurrence_only,formal-r05,11,8,8,1.0,1.0
