metrics_schema_version,experiment_id,run_id,timestamp,client_id,policy_id,policy_name,plaintext_filter,token_topic,token_mode,rotation_enabled,message_id,logical_seq,publisher_timestamp,delivery_latency_ms,decrypt_success,duplicate,payload_bytes,error
2,aomqtt-e5-closed-loop,e5-20260930T070708Z,1790752031.422054,e5-sub-T070708Z,e5_overlap5_fixed512,e5_overlap5_fixed512,e5/siteA/closedloop,aomqtt/v1/t/6a91ba25929ece3f,whole,True,e5-pub-T070708Z:e5-20260930T070708Z:0,0,1790752031.42149,0.5640983581542969,True,False,802,
2,aomqtt-e5-closed-loop,e5-20260930T070708Z,1790752032.4221373,e5-sub-T070708Z,e5_overlap5_fixed512,e5_overlap5_fixed512,e5/siteA/closedloop,aomqtt/v1/t/6a91ba25929ece3f,whole,True,e5-pub-T070708Z:e5-20260930T070708Z:1,1,1790752032.4216096,0.5276203155517578,True,False,802,
2,aomqtt-e5-closed-loop,e5-20260930T070708Z,1790752033.4222,e5-sub-T070708Z,e5_overlap5_fixed512,e5_overlap5_fixed512,e5/siteA/closedloop,aomqtt/v1/t/6a91ba25929ece3f,whole,True,e5-pub-T070708Z:e5-20260930T070708Z:2,2,1790752033.4216254,0.5745887756347656,True,False,802,
2,aomqtt-e5-closed-loop,e5-20260930T070708Z,1790752034.4220533,e5-sub-T070708Z,e5_overlap5_fixed512,e5_overlap5_fixed512,e5/siteA/closedloop,aomqtt/v1/t/6a91ba25929ece3f,whole,True,e5-pub-T070708Z:e5-20260930T070708Z:3,3,1790752034.4216166,0.4367828369140625,True,False,802,
2,aomqtt-e5-closed-loop,e5-20260930T070708Z,1790752035.4221787,e5-sub-T070708Z,e5_overlap5_fixed512,e5_overlap5_fixed512,e5/siteA/closedloop,aomqtt/v1/t/6a91ba25929ece3f,whole,True,e5-pub-T070708Z:e5-20260930T070708Z:4,4,1790752035.421628,0.5507469177246094,True,False,802,
2,aomqtt-e5-closed-loop,e5-20260930T070708Z,1790752036.4223406,e5-sub-T070708Z,e5_overlap5_fixed512,e5_overlap5_fixed512,e5/siteA/closedloop,aomqtt/v1/t/6a91ba25929ece3f,whole,True,e5-pub-T070708Z:e5-20260930T070708Z:5,5,1790752036.421614,0.7266998291015625,True,False,802,
2,aomqtt-e5-closed-loop,e5-20260930T070708Z,1790752037.4221041,e5-sub-T070708Z,e5_overlap5_fixed512,e5_overlap5_fixed512,e5/siteA/closedloop,aomqtt/v1/t/6a91ba25929ece3f,whole,True,e5-pub-T070708Z:e5-20260930T070708Z:6,6,1790752037.4216197,0.484466552734375,True,False,802,
2,aomqtt-e5-closed-loop,e5-20260930T070708Z,1790752038.4223623,e5-sub-T070708Z,e5_overlap5_fixed512,e5_overlap5_fixed512,e5/siteA/closedloop,aomqtt/v1/t/6a91ba25929ece3f,whole,True,e5-pub-T070708Z:e5-20260930T070708Z:7,7,1790752038.4216247,0.7376670837402344,True,False,802,
2,aomqtt-e5-closed-loop,e5-20260930T070708Z,1790752039.4223166,e5-sub-T070708Z,e5_overlap5_fixed512,e5_overlap5_fixed512,e5/siteA/closedloop,aomqtt/v1/t/6a91ba25929ece3f,whole,True,e5-pub-T070708Z:e5-20260930T070708Z:8,8,1790752039.421633,0.6835460662841797,True,False,802,
2,aomqtt-e5-closed-loop,e5-20260930T070708Z,1790752040.4223757,e5-sub-T070708Z,e5_overlap5_fixed512,e5_overlap5_fixed512,e5/siteA/closedloop,aomqtt/v1/t/6a91ba25929ece3f,whole,True,e5-pub-T070708Z:e5-20260930T070708Z:9,9,1790752040.4216106,0.7650852203369141,True,False,802,
2,aomqtt-e5-closed-loop,e5-20260930T070708Z,1790752041.4220722,e5-sub-T070708Z,e5_overlap5_fixed512,e5_overlap5_fixed512,e5/siteA/closedloop,aomqtt/v1/t/6a91ba25929ece3f,whole,True,e5-pub-T070708Z:e5-20260930T070708Z:10,10,1790752041.4216099,0.4622936248779297,True,False,802,
2,aomqtt-e5-closed-loop,e5-20260930T070708Z,1790752042.4221668,e5-sub-T070708Z,e5_overlap5_fixed512,e5_overlap5_fixed512,e5/siteA/closedloop,aomqtt/v1/t/6a91ba25929ece3f,whole,True,e5-pub-T070708Z:e5-20260930T070708Z:11,11,1790752042.421619,0.5478858947753906,True,False,802,
2,aomqtt-e5-closed-loop,e5-20260930T070708Z,1790752043.4221642,e5-sub-T070708Z,e5_overlap5_fixed512,e5_overlap5_fixed512,e5/siteA/closedloop,aomqtt/v1/t/6a91ba25929ece3f,whole,True,e5-pub-T070708Z:e5-20260930T070708Z:12,12,1790752043.421632,0.5321502685546875,True,False,802,
2,aomqtt-e5-closed-loop,e5-20260930T070708Z,1790752044.4220688,e5-sub-T070708Z,e5_overlap5_fixed512,e5_overlap5_fixed512,e5/siteA/closedloop,aomqtt/v1/t/6a91ba25929ece3f,whole,True,e5-pub-T070708Z:e5-20260930T070708Z:13,13,1790752044.421642,0.4267692565917969,True,False,802,
2,aomqtt-e5-closed-loop,e5-20260930T070708Z,1790752045.4224308,e5-sub-T070708Z,e5_overlap5_fixed512,e5_overlap5_fixed512,e5/siteA/closedloop,aomqtt/v1/t/6a91ba25929ece3f,whole,True,e5-pub-T070708Z:e5-20260930T070708Z:14,14,1790752045.4216254,0.8053779602050781,True,False,802,
2,aomqtt-e5-closed-loop,e5-20260930T070708Z,1790752046.4223378,e5-sub-T070708Z,e5_overlap5_fixed512,e5_overlap5_fixed512,e5/siteA/closedloop,aomqtt/v1/t/6a91ba25929ece3f,whole,True,e5-pub-T070708Z:e5-20260930T070708Z:15,15,1790752046.4216287,0.7090568542480469,True,False,802,
2,aomqtt-e5-closed-loop,e5-20260930T070708Z,1790752047.4221473,e5-sub-T070708Z,e5_overlap5_fixed512,e5_overlap5_fixed512,e5/siteA/closedloop,aomqtt/v1/t/6a91ba25929ece3f,whole,True,e5-pub-T070708Z:e5-20260930T070708Z:16,16,1790752047.42162,0.5273818969726562,True,False,802,
2,aomqtt-e5-closed-loop,e5-20260930T070708Z,1790752048.4224012,e5-sub-T070708Z,e5_overlap5_fixed512,e5_overlap5_fixed512,e5/siteA/closedloop,aomqtt/v1/t/6a91ba25929ece3f,whole,True,e5-pub-T070708Z:e5-20260930T070708Z:17,17,1790752048.4216287,0.7724761962890625,True,False,802,
2,aomqtt-e5-closed-loop,e5-20260930T070708Z,1790752049.4223764,e5-sub-T070708Z,e5_overlap5_fixed512,e5_overlap5_fixed512,e5/siteA/closedloop,aomqtt/v1/t/6a91ba25929ece3f,whole,True,e5-pub-T070708Z:e5-20260930T070708Z:18,18,1790752049.421623,0.7534027099609375,True,False,802,
2,aomqtt-e5-closed-loop,e5-20260930T070708Z,1790752050.4233983,e5-sub-T070708Z,e5_overlap5_fixed512,e5_overlap5_fixed512,e5/siteA/closedloop,aomqtt/v1/t/6a91ba25929ece3f,whole,True,e5-pub-T070708Z:e5-20260930T070708Z:19,19,1790752050.4216263,1.7719268798828125,True,False,802,
2,aomqtt-e5-closed-loop,e5-20260930T070708Z,1790752051.4223933,e5-sub-T070708Z,e5_overlap5_fixed512,e5_overlap5_fixed512,e5/siteA/closedloop,aomqtt/v1/t/6ce8a58b06e64790,whole,True,e5-pub-T070708Z:e5-20260930T070708Z:20,20,1790752051.421644,0.7493495941162109,True,False,802,
2,aomqtt-e5-closed-loop,e5-20260930T070708Z,1790752051.4228544,e5-sub-T070708Z,e5_overlap5_fixed512,e5_overlap5_fixed512,e5/siteA/closedloop,aomqtt/v1/t/6a91ba25929ece3f,whole,True,e5-pub-T070708Z:e5-20260930T070708Z:20,20,1790752051.421644,1.2104511260986328,True,True,802,
2,aomqtt-e5-closed-loop,e5-20260930T070708Z,1790752052.422477,e5-sub-T070708Z,e5_overlap5_fixed512,e5_overlap5_fixed512,e5/siteA/closedloop,aomqtt/v1/t/6ce8a58b06e64790,whole,True,e5-pub-T070708Z:e5-20260930T070708Z:21,21,1790752052.4216132,0.8637905120849609,True,False,802,
2,aomqtt-e5-closed-loop,e5-20260930T070708Z,1790752052.4231277,e5-sub-T070708Z,e5_overlap5_fixed512,e5_overlap5_fixed512,e5/siteA/closedloop,aomqtt/v1/t/6a91ba25929ece3f,whole,True,e5-pub-T070708Z:e5-20260930T070708Z:21,21,1790752052.4216132,1.514434814453125,True,True,802,
2,aomqtt-e5-closed-loop,e5-20260930T070708Z,1790752053.4225497,e5-sub-T070708Z,e5_overlap5_fixed512,e5_overlap5_fixed512,e5/siteA/closedloop,aomqtt/v1/t/6ce8a58b06e64790,whole,True,e5-pub-T070708Z:e5-20260930T070708Z:22,22,1790752053.4216204,0.9293556213378906,True,False,802,
2,aomqtt-e5-closed-loop,e5-20260930T070708Z,1790752053.4234116,e5-sub-T070708Z,e5_overlap5_fixed512,e5_overlap5_fixed512,e5/siteA/closedloop,aomqtt/v1/t/6a91ba25929ece3f,whole,True,e5-pub-T070708Z:e5-20260930T070708Z:22,22,1790752053.4216204,1.791238784790039,True,True,802,
2,aomqtt-e5-closed-loop,e5-20260930T070708Z,1790752054.422395,e5-sub-T070708Z,e5_overlap5_fixed512,e5_overlap5_fixed512,e5/siteA/closedloop,aomqtt/v1/t/6ce8a58b06e64790,whole,True,e5-pub-T070708Z:e5-20260930T070708Z:23,23,1790752054.4216528,0.7421970367431641,True,False,802,
2,aomqtt-e5-closed-loop,e5-20260930T070708Z,1790752054.422889,e5-sub-T070708Z,e5_overlap5_fixed512,e5_overlap5_fixed512,e5/siteA/closedloop,aomqtt/v1/t/6a91ba25929ece3f,whole,True,e5-pub-T070708Z:e5-20260930T070708Z:23,23,1790752054.4216528,1.2362003326416016,True,True,802,
2,aomqtt-e5-closed-loop,e5-20260930T070708Z,1790752055.4222257,e5-sub-T070708Z,e5_overlap5_fixed512,e5_overlap5_fixed512,e5/siteA/closedloop,aomqtt/v1/t/6ce8a58b06e64790,whole,True,e5-pub-T070708Z:e5-20260930T070708Z:24,24,1790752055.4216113,0.6144046783447266,True,False,802,
2,aomqtt-e5-closed-loop,e5-20260930T070708Z,1790752056.4223166,e5-sub-T070708Z,e5_overlap5_fixed512,e5_overlap5_fixed512,e5/siteA/closedloop,aomqtt/v1/t/6ce8a58b06e64790,whole,True,e5-pub-T070708Z:e5-20260930T070708Z:25,25,1790752056.4216173,0.6992816925048828,True,False,802,
2,aomqtt-e5-closed-loop,e5-20260930T070708Z,1790752057.4223788,e5-sub-T070708Z,e5_overlap5_fixed512,e5_overlap5_fixed512,e5/siteA/closedloop,aomqtt/v1/t/6ce8a58b06e64790,whole,True,e5-pub-T070708Z:e5-20260930T070708Z:26,26,1790752057.421637,0.7417201995849609,True,False,802,
2,aomqtt-e5-closed-loop,e5-20260930T070708Z,1790752058.422391,e5-sub-T070708Z,e5_overlap5_fixed512,e5_overlap5_fixed512,e5/siteA/closedloop,aomqtt/v1/t/6ce8a58b06e64790,whole,True,e5-pub-T070708Z:e5-20260930T070708Z:27,27,1790752058.4216301,0.7607936859130859,True,False,802,
2,aomqtt-e5-closed-loop,e5-20260930T070708Z,1790752059.4220667,e5-sub-T070708Z,e5_overlap5_fixed512,e5_overlap5_fixed512,e5/siteA/closedloop,aomqtt/v1/t/6ce8a58b06e64790,whole,True,e5-pub-T070708Z:e5-20260930T070708Z:28,28,1790752059.4216156,0.45108795166015625,True,False,802,
2,aomqtt-e5-closed-loop,e5-20260930T070708Z,1790752060.4221778,e5-sub-T070708Z,e5_overlap5_fixed512,e5_overlap5_fixed512,e5/siteA/closedloop,aomqtt/v1/t/6ce8a58b06e64790,whole,True,e5-pub-T070708Z:e5-20260930T070708Z:29,29,1790752060.4216237,0.5540847778320312,True,False,802,
2,aomqtt-e5-closed-loop,e5-20260930T070708Z,1790752061.4221714,e5-sub-T070708Z,e5_overlap5_fixed512,e5_overlap5_fixed512,e5/siteA/closedloop,aomqtt/v1/t/6ce8a58b06e64790,whole,True,e5-pub-T070708Z:e5-20260930T070708Z:30,30,1790752061.4216118,0.5595684051513672,True,False,802,
2,aomqtt-e5-closed-loop,e5-20260930T070708Z,1790752062.4222708,e5-sub-T070708Z,e5_overlap5_fixed512,e5_overlap5_fixed512,e5/siteA/closedloop,aomqtt/v1/t/6ce8a58b06e64790,whole,True,e5-pub-T070708Z:e5-20260930T070708Z:31,31,1790752062.4216096,0.6611347198486328,True,False,802,
2,aomqtt-e5-closed-loop,e5-20260930T070708Z,1790752063.4223006,e5-sub-T070708Z,e5_overlap5_fixed512,e5_overlap5_fixed512,e5/siteA/closedloop,aomqtt/v1/t/6ce8a58b06e64790,whole,True,e5-pub-T070708Z:e5-20260930T070708Z:32,32,1790752063.4216115,0.6890296936035156,True,False,802,
2,aomqtt-e5-closed-loop,e5-20260930T070708Z,1790752064.4222853,e5-sub-T070708Z,e5_overlap5_fixed512,e5_overlap5_fixed512,e5/siteA/closedloop,aomqtt/v1/t/6ce8a58b06e64790,whole,True,e5-pub-T070708Z:e5-20260930T070708Z:33,33,1790752064.4216194,0.6659030914306641,True,False,802,
2,aomqtt-e5-closed-loop,e5-20260930T070708Z,1790752065.4223304,e5-sub-T070708Z,e5_overlap5_fixed512,e5_overlap5_fixed512,e5/siteA/closedloop,aomqtt/v1/t/6ce8a58b06e64790,whole,True,e5-pub-T070708Z:e5-20260930T070708Z:34,34,1790752065.4216197,0.7107257843017578,True,False,802,
2,aomqtt-e5-closed-loop,e5-20260930T070708Z,1790752066.422634,e5-sub-T070708Z,e5_overlap5_fixed512,e5_overlap5_fixed512,e5/siteA/closedloop,aomqtt/v1/t/6ce8a58b06e64790,whole,True,e5-pub-T070708Z:e5-20260930T070708Z:35,35,1790752066.4216378,0.9961128234863281,True,False,802,
2,aomqtt-e5-closed-loop,e5-20260930T070708Z,1790752067.4224372,e5-sub-T070708Z,e5_overlap5_fixed512,e5_overlap5_fixed512,e5/siteA/closedloop,aomqtt/v1/t/6ce8a58b06e64790,whole,True,e5-pub-T070708Z:e5-20260930T070708Z:36,36,1790752067.421624,0.8132457733154297,True,False,802,
2,aomqtt-e5-closed-loop,e5-20260930T070708Z,1790752068.4221773,e5-sub-T070708Z,e5_overlap5_fixed512,e5_overlap5_fixed512,e5/siteA/closedloop,aomqtt/v1/t/6ce8a58b06e64790,whole,True,e5-pub-T070708Z:e5-20260930T070708Z:37,37,1790752068.4216166,0.560760498046875,True,False,802,
2,aomqtt-e5-closed-loop,e5-20260930T070708Z,1790752069.4222937,e5-sub-T070708Z,e5_overlap5_fixed512,e5_overlap5_fixed512,e5/siteA/closedloop,aomqtt/v1/t/6ce8a58b06e64790,whole,True,e5-pub-T070708Z:e5-20260930T070708Z:38,38,1790752069.4216058,0.6878376007080078,True,False,802,
2,aomqtt-e5-closed-loop,e5-20260930T070708Z,1790752070.4221015,e5-sub-T070708Z,e5_overlap5_fixed512,e5_overlap5_fixed512,e5/siteA/closedloop,aomqtt/v1/t/6ce8a58b06e64790,whole,True,e5-pub-T070708Z:e5-20260930T070708Z:39,39,1790752070.4216187,0.48279762268066406,True,False,802,
2,aomqtt-e5-closed-loop,e5-20260930T070708Z,1790752071.422147,e5-sub-T070708Z,e5_overlap5_fixed512,e5_overlap5_fixed512,e5/siteA/closedloop,aomqtt/v1/t/6ce8a58b06e64790,whole,True,e5-pub-T070708Z:e5-20260930T070708Z:40,40,1790752071.4216046,0.5424022674560547,True,False,802,
2,aomqtt-e5-closed-loop,e5-20260930T070708Z,1790752072.4224565,e5-sub-T070708Z,e5_overlap5_fixed512,e5_overlap5_fixed512,e5/siteA/closedloop,aomqtt/v1/t/6ce8a58b06e64790,whole,True,e5-pub-T070708Z:e5-20260930T070708Z:41,41,1790752072.4216127,0.8437633514404297,True,False,802,
2,aomqtt-e5-closed-loop,e5-20260930T070708Z,1790752073.4223135,e5-sub-T070708Z,e5_overlap5_fixed512,e5_overlap5_fixed512,e5/siteA/closedloop,aomqtt/v1/t/6ce8a58b06e64790,whole,True,e5-pub-T070708Z:e5-20260930T070708Z:42,42,1790752073.4216166,0.6968975067138672,True,False,802,
2,aomqtt-e5-closed-loop,e5-20260930T070708Z,1790752074.4221506,e5-sub-T070708Z,e5_overlap5_fixed512,e5_overlap5_fixed512,e5/siteA/closedloop,aomqtt/v1/t/6ce8a58b06e64790,whole,True,e5-pub-T070708Z:e5-20260930T070708Z:43,43,1790752074.4216216,0.5290508270263672,True,False,802,
2,aomqtt-e5-closed-loop,e5-20260930T070708Z,1790752075.4223833,e5-sub-T070708Z,e5_overlap5_fixed512,e5_overlap5_fixed512,e5/siteA/closedloop,aomqtt/v1/t/6ce8a58b06e64790,whole,True,e5-pub-T070708Z:e5-20260930T070708Z:44,44,1790752075.4216256,0.7576942443847656,True,False,802,
2,aomqtt-e5-closed-loop,e5-20260930T070708Z,1790752076.4223127,e5-sub-T070708Z,e5_overlap5_fixed512,e5_overlap5_fixed512,e5/siteA/closedloop,aomqtt/v1/t/6ce8a58b06e64790,whole,True,e5-pub-T070708Z:e5-20260930T070708Z:45,45,1790752076.4216216,0.6911754608154297,True,False,802,
2,aomqtt-e5-closed-loop,e5-20260930T070708Z,1790752077.4222558,e5-sub-T070708Z,e5_overlap5_fixed512,e5_overlap5_fixed512,e5/siteA/closedloop,aomqtt/v1/t/6ce8a58b06e64790,whole,True,e5-pub-T070708Z:e5-20260930T070708Z:46,46,1790752077.421609,0.6468296051025391,True,False,802,
2,aomqtt-e5-closed-loop,e5-20260930T070708Z,1790752078.42218,e5-sub-T070708Z,e5_overlap5_fixed512,e5_overlap5_fixed512,e5/siteA/closedloop,aomqtt/v1/t/6ce8a58b06e64790,whole,True,e5-pub-T070708Z:e5-20260930T070708Z:47,47,1790752078.421622,0.5578994750976562,True,False,802,
2,aomqtt-e5-closed-loop,e5-20260930T070708Z,1790752079.422086,e5-sub-T070708Z,e5_overlap5_fixed512,e5_overlap5_fixed512,e5/siteA/closedloop,aomqtt/v1/t/6ce8a58b06e64790,whole,True,e5-pub-T070708Z:e5-20260930T070708Z:48,48,1790752079.4216044,0.48160552978515625,True,False,802,
2,aomqtt-e5-closed-loop,e5-20260930T070708Z,1790752080.4232957,e5-sub-T070708Z,e5_overlap5_fixed512,e5_overlap5_fixed512,e5/siteA/closedloop,aomqtt/v1/t/6ce8a58b06e64790,whole,True,e5-pub-T070708Z:e5-20260930T070708Z:49,49,1790752080.4216204,1.6753673553466797,True,False,802,
2,aomqtt-e5-closed-loop,e5-20260930T070708Z,1790752081.422359,e5-sub-T070708Z,e5_overlap5_fixed512,e5_overlap5_fixed512,e5/siteA/closedloop,aomqtt/v1/t/0b0580562838d9e4,whole,True,e5-pub-T070708Z:e5-20260930T070708Z:50,50,1790752081.4216278,0.7312297821044922,True,False,802,
2,aomqtt-e5-closed-loop,e5-20260930T070708Z,1790752081.4228086,e5-sub-T070708Z,e5_overlap5_fixed512,e5_overlap5_fixed512,e5/siteA/closedloop,aomqtt/v1/t/6ce8a58b06e64790,whole,True,e5-pub-T070708Z:e5-20260930T070708Z:50,50,1790752081.4216278,1.180887222290039,True,True,802,
2,aomqtt-e5-closed-loop,e5-20260930T070708Z,1790752082.4222538,e5-sub-T070708Z,e5_overlap5_fixed512,e5_overlap5_fixed512,e5/siteA/closedloop,aomqtt/v1/t/0b0580562838d9e4,whole,True,e5-pub-T070708Z:e5-20260930T070708Z:51,51,1790752082.4216163,0.6375312805175781,True,False,802,
2,aomqtt-e5-closed-loop,e5-20260930T070708Z,1790752082.4227452,e5-sub-T070708Z,e5_overlap5_fixed512,e5_overlap5_fixed512,e5/siteA/closedloop,aomqtt/v1/t/6ce8a58b06e64790,whole,True,e5-pub-T070708Z:e5-20260930T070708Z:51,51,1790752082.4216163,1.1289119720458984,True,True,802,
2,aomqtt-e5-closed-loop,e5-20260930T070708Z,1790752083.422265,e5-sub-T070708Z,e5_overlap5_fixed512,e5_overlap5_fixed512,e5/siteA/closedloop,aomqtt/v1/t/0b0580562838d9e4,whole,True,e5-pub-T070708Z:e5-20260930T070708Z:52,52,1790752083.421626,0.6389617919921875,True,False,802,
2,aomqtt-e5-closed-loop,e5-20260930T070708Z,1790752083.4226868,e5-sub-T070708Z,e5_overlap5_fixed512,e5_overlap5_fixed512,e5/siteA/closedloop,aomqtt/v1/t/6ce8a58b06e64790,whole,True,e5-pub-T070708Z:e5-20260930T070708Z:52,52,1790752083.421626,1.0607242584228516,True,True,802,
2,aomqtt-e5-closed-loop,e5-20260930T070708Z,1790752084.422453,e5-sub-T070708Z,e5_overlap5_fixed512,e5_overlap5_fixed512,e5/siteA/closedloop,aomqtt/v1/t/0b0580562838d9e4,whole,True,e5-pub-T070708Z:e5-20260930T070708Z:53,53,1790752084.4216154,0.8375644683837891,True,False,802,
2,aomqtt-e5-closed-loop,e5-20260930T070708Z,1790752084.423143,e5-sub-T070708Z,e5_overlap5_fixed512,e5_overlap5_fixed512,e5/siteA/closedloop,aomqtt/v1/t/6ce8a58b06e64790,whole,True,e5-pub-T070708Z:e5-20260930T070708Z:53,53,1790752084.4216154,1.527547836303711,True,True,802,
2,aomqtt-e5-closed-loop,e5-20260930T070708Z,1790752085.4223075,e5-sub-T070708Z,e5_overlap5_fixed512,e5_overlap5_fixed512,e5/siteA/closedloop,aomqtt/v1/t/0b0580562838d9e4,whole,True,e5-pub-T070708Z:e5-20260930T070708Z:54,54,1790752085.4216092,0.6983280181884766,True,False,802,
2,aomqtt-e5-closed-loop,e5-20260930T070708Z,1790752086.42238,e5-sub-T070708Z,e5_overlap5_fixed512,e5_overlap5_fixed512,e5/siteA/closedloop,aomqtt/v1/t/0b0580562838d9e4,whole,True,e5-pub-T070708Z:e5-20260930T070708Z:55,55,1790752086.4216208,0.759124755859375,True,False,802,
2,aomqtt-e5-closed-loop,e5-20260930T070708Z,1790752087.4222918,e5-sub-T070708Z,e5_overlap5_fixed512,e5_overlap5_fixed512,e5/siteA/closedloop,aomqtt/v1/t/0b0580562838d9e4,whole,True,e5-pub-T070708Z:e5-20260930T070708Z:56,56,1790752087.42162,0.6718635559082031,True,False,802,
2,aomqtt-e5-closed-loop,e5-20260930T070708Z,1790752088.4220946,e5-sub-T070708Z,e5_overlap5_fixed512,e5_overlap5_fixed512,e5/siteA/closedloop,aomqtt/v1/t/0b0580562838d9e4,whole,True,e5-pub-T070708Z:e5-20260930T070708Z:57,57,1790752088.4216046,0.48995018005371094,True,False,802,
2,aomqtt-e5-closed-loop,e5-20260930T070708Z,1790752089.4223804,e5-sub-T070708Z,e5_overlap5_fixed512,e5_overlap5_fixed512,e5/siteA/closedloop,aomqtt/v1/t/0b0580562838d9e4,whole,True,e5-pub-T070708Z:e5-20260930T070708Z:58,58,1790752089.4216065,0.7739067077636719,True,False,802,
2,aomqtt-e5-closed-loop,e5-20260930T070708Z,1790752090.4223318,e5-sub-T070708Z,e5_overlap5_fixed512,e5_overlap5_fixed512,e5/siteA/closedloop,aomqtt/v1/t/0b0580562838d9e4,whole,True,e5-pub-T070708Z:e5-20260930T070708Z:59,59,1790752090.421607,0.72479248046875,True,False,802,
2,aomqtt-e5-closed-loop,e5-20260930T070708Z,1790752091.42216,e5-sub-T070708Z,e5_overlap5_fixed512,e5_overlap5_fixed512,e5/siteA/closedloop,aomqtt/v1/t/0b0580562838d9e4,whole,True,e5-pub-T070708Z:e5-20260930T070708Z:60,60,1790752091.4216044,0.5555152893066406,True,False,802,
2,aomqtt-e5-closed-loop,e5-20260930T070708Z,1790752092.4222724,e5-sub-T070708Z,e5_overlap5_fixed512,e5_overlap5_fixed512,e5/siteA/closedloop,aomqtt/v1/t/0b0580562838d9e4,whole,True,e5-pub-T070708Z:e5-20260930T070708Z:61,61,1790752092.4216115,0.6608963012695312,True,False,802,
2,aomqtt-e5-closed-loop,e5-20260930T070708Z,1790752093.4221728,e5-sub-T070708Z,e5_overlap5_fixed512,e5_overlap5_fixed512,e5/siteA/closedloop,aomqtt/v1/t/0b0580562838d9e4,whole,True,e5-pub-T070708Z:e5-20260930T070708Z:62,62,1790752093.421601,0.5717277526855469,True,False,802,
2,aomqtt-e5-closed-loop,e5-20260930T070708Z,1790752094.422219,e5-sub-T070708Z,e5_overlap5_fixed512,e5_overlap5_fixed512,e5/siteA/closedloop,aomqtt/v1/t/0b0580562838d9e4,whole,True,e5-pub-T070708Z:e5-20260930T070708Z:63,63,1790752094.4216163,0.60272216796875,True,False,802,
2,aomqtt-e5-closed-loop,e5-20260930T070708Z,1790752095.4221232,e5-sub-T070708Z,e5_overlap5_fixed512,e5_overlap5_fixed512,e5/siteA/closedloop,aomqtt/v1/t/0b0580562838d9e4,whole,True,e5-pub-T070708Z:e5-20260930T070708Z:64,64,1790752095.421623,0.5002021789550781,True,False,802,
2,aomqtt-e5-closed-loop,e5-20260930T070708Z,1790752096.4222298,e5-sub-T070708Z,e5_overlap5_fixed512,e5_overlap5_fixed512,e5/siteA/closedloop,aomqtt/v1/t/0b0580562838d9e4,whole,True,e5-pub-T070708Z:e5-20260930T070708Z:65,65,1790752096.421615,0.6148815155029297,True,False,802,
2,aomqtt-e5-closed-loop,e5-20260930T070708Z,1790752097.4220548,e5-sub-T070708Z,e5_overlap5_fixed512,e5_overlap5_fixed512,e5/siteA/closedloop,aomqtt/v1/t/0b0580562838d9e4,whole,True,e5-pub-T070708Z:e5-20260930T070708Z:66,66,1790752097.421621,0.4336833953857422,True,False,802,
2,aomqtt-e5-closed-loop,e5-20260930T070708Z,1790752098.4222186,e5-sub-T070708Z,e5_overlap5_fixed512,e5_overlap5_fixed512,e5/siteA/closedloop,aomqtt/v1/t/0b0580562838d9e4,whole,True,e5-pub-T070708Z:e5-20260930T070708Z:67,67,1790752098.4216154,0.6031990051269531,True,False,802,
2,aomqtt-e5-closed-loop,e5-20260930T070708Z,1790752099.4226396,e5-sub-T070708Z,e5_overlap5_fixed512,e5_overlap5_fixed512,e5/siteA/closedloop,aomqtt/v1/t/0b0580562838d9e4,whole,True,e5-pub-T070708Z:e5-20260930T070708Z:68,68,1790752099.4216158,1.0237693786621094,True,False,802,
2,aomqtt-e5-closed-loop,e5-20260930T070708Z,1790752100.4220593,e5-sub-T070708Z,e5_overlap5_fixed512,e5_overlap5_fixed512,e5/siteA/closedloop,aomqtt/v1/t/0b0580562838d9e4,whole,True,e5-pub-T070708Z:e5-20260930T070708Z:69,69,1790752100.4216094,0.44989585876464844,True,False,802,
2,aomqtt-e5-closed-loop,e5-20260930T070708Z,1790752101.4220603,e5-sub-T070708Z,e5_overlap5_fixed512,e5_overlap5_fixed512,e5/siteA/closedloop,aomqtt/v1/t/0b0580562838d9e4,whole,True,e5-pub-T070708Z:e5-20260930T070708Z:70,70,1790752101.4216046,0.45561790466308594,True,False,802,
2,aomqtt-e5-closed-loop,e5-20260930T070708Z,1790752102.4221509,e5-sub-T070708Z,e5_overlap5_fixed512,e5_overlap5_fixed512,e5/siteA/closedloop,aomqtt/v1/t/0b0580562838d9e4,whole,True,e5-pub-T070708Z:e5-20260930T070708Z:71,71,1790752102.4216194,0.5314350128173828,True,False,802,
2,aomqtt-e5-closed-loop,e5-20260930T070708Z,1790752103.422158,e5-sub-T070708Z,e5_overlap5_fixed512,e5_overlap5_fixed512,e5/siteA/closedloop,aomqtt/v1/t/0b0580562838d9e4,whole,True,e5-pub-T070708Z:e5-20260930T070708Z:72,72,1790752103.4216108,0.5471706390380859,True,False,802,
2,aomqtt-e5-closed-loop,e5-20260930T070708Z,1790752104.4222398,e5-sub-T070708Z,e5_overlap5_fixed512,e5_overlap5_fixed512,e5/siteA/closedloop,aomqtt/v1/t/0b0580562838d9e4,whole,True,e5-pub-T070708Z:e5-20260930T070708Z:73,73,1790752104.4216323,0.6074905395507812,True,False,802,
2,aomqtt-e5-closed-loop,e5-20260930T070708Z,1790752105.4222012,e5-sub-T070708Z,e5_overlap5_fixed512,e5_overlap5_fixed512,e5/siteA/closedloop,aomqtt/v1/t/0b0580562838d9e4,whole,True,e5-pub-T070708Z:e5-20260930T070708Z:74,74,1790752105.4216118,0.5893707275390625,True,False,802,
2,aomqtt-e5-closed-loop,e5-20260930T070708Z,1790752106.422578,e5-sub-T070708Z,e5_overlap5_fixed512,e5_overlap5_fixed512,e5/siteA/closedloop,aomqtt/v1/t/0b0580562838d9e4,whole,True,e5-pub-T070708Z:e5-20260930T070708Z:75,75,1790752106.4216151,0.9629726409912109,True,False,802,
2,aomqtt-e5-closed-loop,e5-20260930T070708Z,1790752107.4221015,e5-sub-T070708Z,e5_overlap5_fixed512,e5_overlap5_fixed512,e5/siteA/closedloop,aomqtt/v1/t/0b0580562838d9e4,whole,True,e5-pub-T070708Z:e5-20260930T070708Z:76,76,1790752107.4216182,0.4832744598388672,True,False,802,
2,aomqtt-e5-closed-loop,e5-20260930T070708Z,1790752108.4220915,e5-sub-T070708Z,e5_overlap5_fixed512,e5_overlap5_fixed512,e5/siteA/closedloop,aomqtt/v1/t/0b0580562838d9e4,whole,True,e5-pub-T070708Z:e5-20260930T070708Z:77,77,1790752108.4216118,0.47969818115234375,True,False,802,
2,aomqtt-e5-closed-loop,e5-20260930T070708Z,1790752109.4221683,e5-sub-T070708Z,e5_overlap5_fixed512,e5_overlap5_fixed512,e5/siteA/closedloop,aomqtt/v1/t/0b0580562838d9e4,whole,True,e5-pub-T070708Z:e5-20260930T070708Z:78,78,1790752109.4216087,0.5595684051513672,True,False,802,
2,aomqtt-e5-closed-loop,e5-20260930T070708Z,1790752110.4226463,e5-sub-T070708Z,e5_overlap5_fixed512,e5_overlap5_fixed512,e5/siteA/closedloop,aomqtt/v1/t/0b0580562838d9e4,whole,True,e5-pub-T070708Z:e5-20260930T070708Z:79,79,1790752110.4216213,1.0249614715576172,True,False,802,
2,aomqtt-e5-closed-loop,e5-20260930T070708Z,1790752111.422358,e5-sub-T070708Z,e5_overlap5_fixed512,e5_overlap5_fixed512,e5/siteA/closedloop,aomqtt/v1/t/1a003b166fc0b703,whole,True,e5-pub-T070708Z:e5-20260930T070708Z:80,80,1790752111.4216256,0.732421875,True,False,802,
2,aomqtt-e5-closed-loop,e5-20260930T070708Z,1790752111.4229639,e5-sub-T070708Z,e5_overlap5_fixed512,e5_overlap5_fixed512,e5/siteA/closedloop,aomqtt/v1/t/0b0580562838d9e4,whole,True,e5-pub-T070708Z:e5-20260930T070708Z:80,80,1790752111.4216256,1.3382434844970703,True,True,802,
2,aomqtt-e5-closed-loop,e5-20260930T070708Z,1790752112.4222565,e5-sub-T070708Z,e5_overlap5_fixed512,e5_overlap5_fixed512,e5/siteA/closedloop,aomqtt/v1/t/1a003b166fc0b703,whole,True,e5-pub-T070708Z:e5-20260930T070708Z:81,81,1790752112.4216142,0.6422996520996094,True,False,802,
2,aomqtt-e5-closed-loop,e5-20260930T070708Z,1790752112.4226897,e5-sub-T070708Z,e5_overlap5_fixed512,e5_overlap5_fixed512,e5/siteA/closedloop,aomqtt/v1/t/0b0580562838d9e4,whole,True,e5-pub-T070708Z:e5-20260930T070708Z:81,81,1790752112.4216142,1.0755062103271484,True,True,802,
2,aomqtt-e5-closed-loop,e5-20260930T070708Z,1790752113.422229,e5-sub-T070708Z,e5_overlap5_fixed512,e5_overlap5_fixed512,e5/siteA/closedloop,aomqtt/v1/t/1a003b166fc0b703,whole,True,e5-pub-T070708Z:e5-20260930T070708Z:82,82,1790752113.421614,0.6151199340820312,True,False,802,
2,aomqtt-e5-closed-loop,e5-20260930T070708Z,1790752113.4226875,e5-sub-T070708Z,e5_overlap5_fixed512,e5_overlap5_fixed512,e5/siteA/closedloop,aomqtt/v1/t/0b0580562838d9e4,whole,True,e5-pub-T070708Z:e5-20260930T070708Z:82,82,1790752113.421614,1.073598861694336,True,True,802,
2,aomqtt-e5-closed-loop,e5-20260930T070708Z,1790752114.4221733,e5-sub-T070708Z,e5_overlap5_fixed512,e5_overlap5_fixed512,e5/siteA/closedloop,aomqtt/v1/t/1a003b166fc0b703,whole,True,e5-pub-T070708Z:e5-20260930T070708Z:83,83,1790752114.4216151,0.5581378936767578,True,False,802,
2,aomqtt-e5-closed-loop,e5-20260930T070708Z,1790752114.4226458,e5-sub-T070708Z,e5_overlap5_fixed512,e5_overlap5_fixed512,e5/siteA/closedloop,aomqtt/v1/t/0b0580562838d9e4,whole,True,e5-pub-T070708Z:e5-20260930T070708Z:83,83,1790752114.4216151,1.0306835174560547,True,True,802,
2,aomqtt-e5-closed-loop,e5-20260930T070708Z,1790752115.4223535,e5-sub-T070708Z,e5_overlap5_fixed512,e5_overlap5_fixed512,e5/siteA/closedloop,aomqtt/v1/t/1a003b166fc0b703,whole,True,e5-pub-T070708Z:e5-20260930T070708Z:84,84,1790752115.4216187,0.7348060607910156,True,False,802,
2,aomqtt-e5-closed-loop,e5-20260930T070708Z,1790752116.4221714,e5-sub-T070708Z,e5_overlap5_fixed512,e5_overlap5_fixed512,e5/siteA/closedloop,aomqtt/v1/t/1a003b166fc0b703,whole,True,e5-pub-T070708Z:e5-20260930T070708Z:85,85,1790752116.4216084,0.5629062652587891,True,False,802,
2,aomqtt-e5-closed-loop,e5-20260930T070708Z,1790752117.4223824,e5-sub-T070708Z,e5_overlap5_fixed512,e5_overlap5_fixed512,e5/siteA/closedloop,aomqtt/v1/t/1a003b166fc0b703,whole,True,e5-pub-T070708Z:e5-20260930T070708Z:86,86,1790752117.4216244,0.7579326629638672,True,False,802,
2,aomqtt-e5-closed-loop,e5-20260930T070708Z,1790752118.4224248,e5-sub-T070708Z,e5_overlap5_fixed512,e5_overlap5_fixed512,e5/siteA/closedloop,aomqtt/v1/t/1a003b166fc0b703,whole,True,e5-pub-T070708Z:e5-20260930T070708Z:87,87,1790752118.421614,0.8108615875244141,True,False,802,
2,aomqtt-e5-closed-loop,e5-20260930T070708Z,1790752119.4221277,e5-sub-T070708Z,e5_overlap5_fixed512,e5_overlap5_fixed512,e5/siteA/closedloop,aomqtt/v1/t/1a003b166fc0b703,whole,True,e5-pub-T070708Z:e5-20260930T070708Z:88,88,1790752119.4216104,0.5173683166503906,True,False,802,
2,aomqtt-e5-closed-loop,e5-20260930T070708Z,1790752120.4221807,e5-sub-T070708Z,e5_overlap5_fixed512,e5_overlap5_fixed512,e5/siteA/closedloop,aomqtt/v1/t/1a003b166fc0b703,whole,True,e5-pub-T070708Z:e5-20260930T070708Z:89,89,1790752120.4216154,0.5652904510498047,True,False,802,
