condition,held_out_run,test_samples,accuracy,macro_f1,degenerate_constant_feature,constant_value
A0,formal-r01,4000,0.7005,0.6999163523821104,False,
A0,formal-r02,4000,0.686,0.684156979826634,False,
A0,formal-r03,4000,0.6885,0.6863801183055038,False,
A0,formal-r04,4000,0.689,0.6884239460571102,False,
A0,formal-r05,4000,0.69875,0.6979401420266078,False,
A1,formal-r01,4000,0.70025,0.6997951612426314,False,
A1,formal-r02,4000,0.68575,0.6833530630111406,False,
A1,formal-r03,4000,0.688,0.6851544421718792,False,
A1,formal-r04,4000,0.6895,0.6889858782764182,False,
A1,formal-r05,4000,0.697,0.6956985500132091,False,
A2,formal-r01,4000,0.125,0.027777777777777776,True,802.0
A2,formal-r02,4000,0.125,0.027777777777777776,True,802.0
A2,formal-r03,4000,0.125,0.027777777777777776,True,802.0
A2,formal-r04,4000,0.125,0.027777777777777776,True,802.0
A2,formal-r05,4000,0.125,0.027777777777777776,True,802.0
