seq,metrics_schema_version,experiment_id,run_id,timestamp,client_id,policy_id,policy_name,plaintext_filter,token_topic,token_mode,rotation_enabled,message_id,logical_seq,publisher_timestamp,delivery_latency_ms,decrypt_success,duplicate,payload_bytes,error
0,2,aomqtt-e5-closed-loop,e5-20260930T062834Z,1790749717.438158,e5-sub-T062834Z,e5_overlap5_fixed512,e5_overlap5_fixed512,e5/siteA/closedloop,aomqtt/v1/t/e1ab990cbdf3d8ed,whole,True,e5-pub-T062834Z:e5-20260930T062834Z:0,0,1790749717.4374173,0.7407665252685547,True,False,802,
1,2,aomqtt-e5-closed-loop,e5-20260930T062834Z,1790749718.4382682,e5-sub-T062834Z,e5_overlap5_fixed512,e5_overlap5_fixed512,e5/siteA/closedloop,aomqtt/v1/t/e1ab990cbdf3d8ed,whole,True,e5-pub-T062834Z:e5-20260930T062834Z:1,1,1790749718.4375384,0.7297992706298828,True,False,802,
2,2,aomqtt-e5-closed-loop,e5-20260930T062834Z,1790749719.4383056,e5-sub-T062834Z,e5_overlap5_fixed512,e5_overlap5_fixed512,e5/siteA/closedloop,aomqtt/v1/t/e1ab990cbdf3d8ed,whole,True,e5-pub-T062834Z:e5-20260930T062834Z:2,2,1790749719.437574,0.7317066192626953,True,False,802,
3,2,aomqtt-e5-closed-loop,e5-20260930T062834Z,1790749720.438443,e5-sub-T062834Z,e5_overlap5_fixed512,e5_overlap5_fixed512,e5/siteA/closedloop,aomqtt/v1/t/e1ab990cbdf3d8ed,whole,True,e5-pub-T062834Z:e5-20260930T062834Z:3,3,1790749720.4375906,0.8523464202880859,True,False,802,
4,2,aomqtt-e5-closed-loop,e5-20260930T062834Z,1790749721.4382792,e5-sub-T062834Z,e5_overlap5_fixed512,e5_overlap5_fixed512,e5/siteA/closedloop,aomqtt/v1/t/e1ab990cbdf3d8ed,whole,True,e5-pub-T062834Z:e5-20260930T062834Z:4,4,1790749721.4375339,0.7452964782714844,True,False,802,
5,2,aomqtt-e5-closed-loop,e5-20260930T062834Z,1790749722.438261,e5-sub-T062834Z,e5_overlap5_fixed512,e5_overlap5_fixed512,e5/siteA/closedloop,aomqtt/v1/t/e1ab990cbdf3d8ed,whole,True,e5-pub-T062834Z:e5-20260930T062834Z:5,5,1790749722.4375353,0.7257461547851562,True,False,802,
6,2,aomqtt-e5-closed-loop,e5-20260930T062834Z,1790749723.4382963,e5-sub-T062834Z,e5_overlap5_fixed512,e5_overlap5_fixed512,e5/siteA/closedloop,aomqtt/v1/t/e1ab990cbdf3d8ed,whole,True,e5-pub-T062834Z:e5-20260930T062834Z:6,6,1790749723.437546,0.7503032684326172,True,False,802,
7,2,aomqtt-e5-closed-loop,e5-20260930T062834Z,1790749724.4380846,e5-sub-T062834Z,e5_overlap5_fixed512,e5_overlap5_fixed512,e5/siteA/closedloop,aomqtt/v1/t/e1ab990cbdf3d8ed,whole,True,e5-pub-T062834Z:e5-20260930T062834Z:7,7,1790749724.4375489,0.5357265472412109,True,False,802,
8,2,aomqtt-e5-closed-loop,e5-20260930T062834Z,1790749725.437986,e5-sub-T062834Z,e5_overlap5_fixed512,e5_overlap5_fixed512,e5/siteA/closedloop,aomqtt/v1/t/e1ab990cbdf3d8ed,whole,True,e5-pub-T062834Z:e5-20260930T062834Z:8,8,1790749725.437531,0.45490264892578125,True,False,802,
9,2,aomqtt-e5-closed-loop,e5-20260930T062834Z,1790749726.4379735,e5-sub-T062834Z,e5_overlap5_fixed512,e5_overlap5_fixed512,e5/siteA/closedloop,aomqtt/v1/t/e1ab990cbdf3d8ed,whole,True,e5-pub-T062834Z:e5-20260930T062834Z:9,9,1790749726.4375424,0.431060791015625,True,False,802,
10,2,aomqtt-e5-closed-loop,e5-20260930T062834Z,1790749727.4379618,e5-sub-T062834Z,e5_overlap5_fixed512,e5_overlap5_fixed512,e5/siteA/closedloop,aomqtt/v1/t/e1ab990cbdf3d8ed,whole,True,e5-pub-T062834Z:e5-20260930T062834Z:10,10,1790749727.437538,0.4239082336425781,True,False,802,
11,2,aomqtt-e5-closed-loop,e5-20260930T062834Z,1790749728.4382682,e5-sub-T062834Z,e5_overlap5_fixed512,e5_overlap5_fixed512,e5/siteA/closedloop,aomqtt/v1/t/e1ab990cbdf3d8ed,whole,True,e5-pub-T062834Z:e5-20260930T062834Z:11,11,1790749728.4375427,0.7255077362060547,True,False,802,
12,2,aomqtt-e5-closed-loop,e5-20260930T062834Z,1790749729.4382834,e5-sub-T062834Z,e5_overlap5_fixed512,e5_overlap5_fixed512,e5/siteA/closedloop,aomqtt/v1/t/e1ab990cbdf3d8ed,whole,True,e5-pub-T062834Z:e5-20260930T062834Z:12,12,1790749729.4375687,0.7147789001464844,True,False,802,
13,2,aomqtt-e5-closed-loop,e5-20260930T062834Z,1790749730.438049,e5-sub-T062834Z,e5_overlap5_fixed512,e5_overlap5_fixed512,e5/siteA/closedloop,aomqtt/v1/t/e1ab990cbdf3d8ed,whole,True,e5-pub-T062834Z:e5-20260930T062834Z:13,13,1790749730.4375534,0.49567222595214844,True,False,802,
14,2,aomqtt-e5-closed-loop,e5-20260930T062834Z,1790749731.4382231,e5-sub-T062834Z,e5_overlap5_fixed512,e5_overlap5_fixed512,e5/siteA/closedloop,aomqtt/v1/t/e1ab990cbdf3d8ed,whole,True,e5-pub-T062834Z:e5-20260930T062834Z:14,14,1790749731.4375374,0.6856918334960938,True,False,802,
15,2,aomqtt-e5-closed-loop,e5-20260930T062834Z,1790749732.438264,e5-sub-T062834Z,e5_overlap5_fixed512,e5_overlap5_fixed512,e5/siteA/closedloop,aomqtt/v1/t/e1ab990cbdf3d8ed,whole,True,e5-pub-T062834Z:e5-20260930T062834Z:15,15,1790749732.437546,0.7178783416748047,True,False,802,
16,2,aomqtt-e5-closed-loop,e5-20260930T062834Z,1790749733.438265,e5-sub-T062834Z,e5_overlap5_fixed512,e5_overlap5_fixed512,e5/siteA/closedloop,aomqtt/v1/t/e1ab990cbdf3d8ed,whole,True,e5-pub-T062834Z:e5-20260930T062834Z:16,16,1790749733.4375746,0.690460205078125,True,False,802,
17,2,aomqtt-e5-closed-loop,e5-20260930T062834Z,1790749734.4382176,e5-sub-T062834Z,e5_overlap5_fixed512,e5_overlap5_fixed512,e5/siteA/closedloop,aomqtt/v1/t/e1ab990cbdf3d8ed,whole,True,e5-pub-T062834Z:e5-20260930T062834Z:17,17,1790749734.4375632,0.6544589996337891,True,False,802,
18,2,aomqtt-e5-closed-loop,e5-20260930T062834Z,1790749735.4382114,e5-sub-T062834Z,e5_overlap5_fixed512,e5_overlap5_fixed512,e5/siteA/closedloop,aomqtt/v1/t/e1ab990cbdf3d8ed,whole,True,e5-pub-T062834Z:e5-20260930T062834Z:18,18,1790749735.4375532,0.6582736968994141,True,False,802,
19,2,aomqtt-e5-closed-loop,e5-20260930T062834Z,1790749736.4379332,e5-sub-T062834Z,e5_overlap5_fixed512,e5_overlap5_fixed512,e5/siteA/closedloop,aomqtt/v1/t/e1ab990cbdf3d8ed,whole,True,e5-pub-T062834Z:e5-20260930T062834Z:19,19,1790749736.4375403,0.392913818359375,True,False,802,
20,2,aomqtt-e5-closed-loop,e5-20260930T062834Z,1790749737.4379907,e5-sub-T062834Z,e5_overlap5_fixed512,e5_overlap5_fixed512,e5/siteA/closedloop,aomqtt/v1/t/e1ab990cbdf3d8ed,whole,True,e5-pub-T062834Z:e5-20260930T062834Z:20,20,1790749737.4375355,0.4551410675048828,True,False,802,
21,2,aomqtt-e5-closed-loop,e5-20260930T062834Z,1790749738.4383197,e5-sub-T062834Z,e5_overlap5_fixed512,e5_overlap5_fixed512,e5/siteA/closedloop,aomqtt/v1/t/e1ab990cbdf3d8ed,whole,True,e5-pub-T062834Z:e5-20260930T062834Z:21,21,1790749738.437588,0.7317066192626953,True,False,802,
22,2,aomqtt-e5-closed-loop,e5-20260930T062834Z,1790749739.4380534,e5-sub-T062834Z,e5_overlap5_fixed512,e5_overlap5_fixed512,e5/siteA/closedloop,aomqtt/v1/t/e1ab990cbdf3d8ed,whole,True,e5-pub-T062834Z:e5-20260930T062834Z:22,22,1790749739.4375296,0.5238056182861328,True,False,802,
23,2,aomqtt-e5-closed-loop,e5-20260930T062834Z,1790749740.4386778,e5-sub-T062834Z,e5_overlap5_fixed512,e5_overlap5_fixed512,e5/siteA/closedloop,aomqtt/v1/t/e1ab990cbdf3d8ed,whole,True,e5-pub-T062834Z:e5-20260930T062834Z:23,23,1790749740.43755,1.1277198791503906,True,False,802,
24,2,aomqtt-e5-closed-loop,e5-20260930T062834Z,1790749741.438123,e5-sub-T062834Z,e5_overlap5_fixed512,e5_overlap5_fixed512,e5/siteA/closedloop,aomqtt/v1/t/886cec9ffb8cfa40,whole,True,e5-pub-T062834Z:e5-20260930T062834Z:24,24,1790749741.437561,0.5619525909423828,True,False,802,
24,2,aomqtt-e5-closed-loop,e5-20260930T062834Z,1790749741.4386315,e5-sub-T062834Z,e5_overlap5_fixed512,e5_overlap5_fixed512,e5/siteA/closedloop,aomqtt/v1/t/e1ab990cbdf3d8ed,whole,True,e5-pub-T062834Z:e5-20260930T062834Z:24,24,1790749741.437561,1.0704994201660156,True,True,802,
25,2,aomqtt-e5-closed-loop,e5-20260930T062834Z,1790749742.4380903,e5-sub-T062834Z,e5_overlap5_fixed512,e5_overlap5_fixed512,e5/siteA/closedloop,aomqtt/v1/t/886cec9ffb8cfa40,whole,True,e5-pub-T062834Z:e5-20260930T062834Z:25,25,1790749742.437551,0.5393028259277344,True,False,802,
25,2,aomqtt-e5-closed-loop,e5-20260930T062834Z,1790749742.4386091,e5-sub-T062834Z,e5_overlap5_fixed512,e5_overlap5_fixed512,e5/siteA/closedloop,aomqtt/v1/t/e1ab990cbdf3d8ed,whole,True,e5-pub-T062834Z:e5-20260930T062834Z:25,25,1790749742.437551,1.0581016540527344,True,True,802,
26,2,aomqtt-e5-closed-loop,e5-20260930T062834Z,1790749743.4379568,e5-sub-T062834Z,e5_overlap5_fixed512,e5_overlap5_fixed512,e5/siteA/closedloop,aomqtt/v1/t/886cec9ffb8cfa40,whole,True,e5-pub-T062834Z:e5-20260930T062834Z:26,26,1790749743.4375327,0.4241466522216797,True,False,802,
26,2,aomqtt-e5-closed-loop,e5-20260930T062834Z,1790749743.4384754,e5-sub-T062834Z,e5_overlap5_fixed512,e5_overlap5_fixed512,e5/siteA/closedloop,aomqtt/v1/t/e1ab990cbdf3d8ed,whole,True,e5-pub-T062834Z:e5-20260930T062834Z:26,26,1790749743.4375327,0.9427070617675781,True,True,802,
27,2,aomqtt-e5-closed-loop,e5-20260930T062834Z,1790749744.4380164,e5-sub-T062834Z,e5_overlap5_fixed512,e5_overlap5_fixed512,e5/siteA/closedloop,aomqtt/v1/t/886cec9ffb8cfa40,whole,True,e5-pub-T062834Z:e5-20260930T062834Z:27,27,1790749744.4375455,0.47087669372558594,True,False,802,
27,2,aomqtt-e5-closed-loop,e5-20260930T062834Z,1790749744.4385452,e5-sub-T062834Z,e5_overlap5_fixed512,e5_overlap5_fixed512,e5/siteA/closedloop,aomqtt/v1/t/e1ab990cbdf3d8ed,whole,True,e5-pub-T062834Z:e5-20260930T062834Z:27,27,1790749744.4375455,0.9996891021728516,True,True,802,
28,2,aomqtt-e5-closed-loop,e5-20260930T062834Z,1790749745.4379914,e5-sub-T062834Z,e5_overlap5_fixed512,e5_overlap5_fixed512,e5/siteA/closedloop,aomqtt/v1/t/886cec9ffb8cfa40,whole,True,e5-pub-T062834Z:e5-20260930T062834Z:28,28,1790749745.4375396,0.45180320739746094,True,False,802,
29,2,aomqtt-e5-closed-loop,e5-20260930T062834Z,1790749746.4382179,e5-sub-T062834Z,e5_overlap5_fixed512,e5_overlap5_fixed512,e5/siteA/closedloop,aomqtt/v1/t/886cec9ffb8cfa40,whole,True,e5-pub-T062834Z:e5-20260930T062834Z:29,29,1790749746.4375594,0.6585121154785156,True,False,802,
30,2,aomqtt-e5-closed-loop,e5-20260930T062834Z,1790749747.438217,e5-sub-T062834Z,e5_overlap5_fixed512,e5_overlap5_fixed512,e5/siteA/closedloop,aomqtt/v1/t/886cec9ffb8cfa40,whole,True,e5-pub-T062834Z:e5-20260930T062834Z:30,30,1790749747.4375663,0.6506443023681641,True,False,802,
31,2,aomqtt-e5-closed-loop,e5-20260930T062834Z,1790749748.4380913,e5-sub-T062834Z,e5_overlap5_fixed512,e5_overlap5_fixed512,e5/siteA/closedloop,aomqtt/v1/t/886cec9ffb8cfa40,whole,True,e5-pub-T062834Z:e5-20260930T062834Z:31,31,1790749748.4375136,0.5776882171630859,True,False,802,
32,2,aomqtt-e5-closed-loop,e5-20260930T062834Z,1790749749.4383945,e5-sub-T062834Z,e5_overlap5_fixed512,e5_overlap5_fixed512,e5/siteA/closedloop,aomqtt/v1/t/886cec9ffb8cfa40,whole,True,e5-pub-T062834Z:e5-20260930T062834Z:32,32,1790749749.4375873,0.8072853088378906,True,False,802,
33,2,aomqtt-e5-closed-loop,e5-20260930T062834Z,1790749750.4379754,e5-sub-T062834Z,e5_overlap5_fixed512,e5_overlap5_fixed512,e5/siteA/closedloop,aomqtt/v1/t/886cec9ffb8cfa40,whole,True,e5-pub-T062834Z:e5-20260930T062834Z:33,33,1790749750.4375043,0.4711151123046875,True,False,802,
34,2,aomqtt-e5-closed-loop,e5-20260930T062834Z,1790749751.4382265,e5-sub-T062834Z,e5_overlap5_fixed512,e5_overlap5_fixed512,e5/siteA/closedloop,aomqtt/v1/t/886cec9ffb8cfa40,whole,True,e5-pub-T062834Z:e5-20260930T062834Z:34,34,1790749751.4375591,0.6673336029052734,True,False,802,
35,2,aomqtt-e5-closed-loop,e5-20260930T062834Z,1790749752.4380565,e5-sub-T062834Z,e5_overlap5_fixed512,e5_overlap5_fixed512,e5/siteA/closedloop,aomqtt/v1/t/886cec9ffb8cfa40,whole,True,e5-pub-T062834Z:e5-20260930T062834Z:35,35,1790749752.4375484,0.5080699920654297,True,False,802,
36,2,aomqtt-e5-closed-loop,e5-20260930T062834Z,1790749753.4379299,e5-sub-T062834Z,e5_overlap5_fixed512,e5_overlap5_fixed512,e5/siteA/closedloop,aomqtt/v1/t/886cec9ffb8cfa40,whole,True,e5-pub-T062834Z:e5-20260930T062834Z:36,36,1790749753.437506,0.4239082336425781,True,False,802,
37,2,aomqtt-e5-closed-loop,e5-20260930T062834Z,1790749754.4382973,e5-sub-T062834Z,e5_overlap5_fixed512,e5_overlap5_fixed512,e5/siteA/closedloop,aomqtt/v1/t/886cec9ffb8cfa40,whole,True,e5-pub-T062834Z:e5-20260930T062834Z:37,37,1790749754.4375582,0.7390975952148438,True,False,802,
38,2,aomqtt-e5-closed-loop,e5-20260930T062834Z,1790749755.4380043,e5-sub-T062834Z,e5_overlap5_fixed512,e5_overlap5_fixed512,e5/siteA/closedloop,aomqtt/v1/t/886cec9ffb8cfa40,whole,True,e5-pub-T062834Z:e5-20260930T062834Z:38,38,1790749755.4375486,0.45561790466308594,True,False,802,
39,2,aomqtt-e5-closed-loop,e5-20260930T062834Z,1790749756.4382768,e5-sub-T062834Z,e5_overlap5_fixed512,e5_overlap5_fixed512,e5/siteA/closedloop,aomqtt/v1/t/886cec9ffb8cfa40,whole,True,e5-pub-T062834Z:e5-20260930T062834Z:39,39,1790749756.4375486,0.7281303405761719,True,False,802,
40,2,aomqtt-e5-closed-loop,e5-20260930T062834Z,1790749757.4379199,e5-sub-T062834Z,e5_overlap5_fixed512,e5_overlap5_fixed512,e5/siteA/closedloop,aomqtt/v1/t/886cec9ffb8cfa40,whole,True,e5-pub-T062834Z:e5-20260930T062834Z:40,40,1790749757.437505,0.41484832763671875,True,False,802,
41,2,aomqtt-e5-closed-loop,e5-20260930T062834Z,1790749758.438229,e5-sub-T062834Z,e5_overlap5_fixed512,e5_overlap5_fixed512,e5/siteA/closedloop,aomqtt/v1/t/886cec9ffb8cfa40,whole,True,e5-pub-T062834Z:e5-20260930T062834Z:41,41,1790749758.4375496,0.6794929504394531,True,False,802,
42,2,aomqtt-e5-closed-loop,e5-20260930T062834Z,1790749759.4382713,e5-sub-T062834Z,e5_overlap5_fixed512,e5_overlap5_fixed512,e5/siteA/closedloop,aomqtt/v1/t/886cec9ffb8cfa40,whole,True,e5-pub-T062834Z:e5-20260930T062834Z:42,42,1790749759.437552,0.7193088531494141,True,False,802,
43,2,aomqtt-e5-closed-loop,e5-20260930T062834Z,1790749760.438024,e5-sub-T062834Z,e5_overlap5_fixed512,e5_overlap5_fixed512,e5/siteA/closedloop,aomqtt/v1/t/886cec9ffb8cfa40,whole,True,e5-pub-T062834Z:e5-20260930T062834Z:43,43,1790749760.4375467,0.4773139953613281,True,False,802,
44,2,aomqtt-e5-closed-loop,e5-20260930T062834Z,1790749761.4380145,e5-sub-T062834Z,e5_overlap5_fixed512,e5_overlap5_fixed512,e5/siteA/closedloop,aomqtt/v1/t/886cec9ffb8cfa40,whole,True,e5-pub-T062834Z:e5-20260930T062834Z:44,44,1790749761.4375565,0.45800209045410156,True,False,802,
45,2,aomqtt-e5-closed-loop,e5-20260930T062834Z,1790749762.4381573,e5-sub-T062834Z,e5_overlap5_fixed512,e5_overlap5_fixed512,e5/siteA/closedloop,aomqtt/v1/t/886cec9ffb8cfa40,whole,True,e5-pub-T062834Z:e5-20260930T062834Z:45,45,1790749762.437533,0.6244182586669922,True,False,802,
46,2,aomqtt-e5-closed-loop,e5-20260930T062834Z,1790749763.437997,e5-sub-T062834Z,e5_overlap5_fixed512,e5_overlap5_fixed512,e5/siteA/closedloop,aomqtt/v1/t/886cec9ffb8cfa40,whole,True,e5-pub-T062834Z:e5-20260930T062834Z:46,46,1790749763.4375505,0.44655799865722656,True,False,802,
47,2,aomqtt-e5-closed-loop,e5-20260930T062834Z,1790749764.438095,e5-sub-T062834Z,e5_overlap5_fixed512,e5_overlap5_fixed512,e5/siteA/closedloop,aomqtt/v1/t/886cec9ffb8cfa40,whole,True,e5-pub-T062834Z:e5-20260930T062834Z:47,47,1790749764.437533,0.5621910095214844,True,False,802,
48,2,aomqtt-e5-closed-loop,e5-20260930T062834Z,1790749765.4379523,e5-sub-T062834Z,e5_overlap5_fixed512,e5_overlap5_fixed512,e5/siteA/closedloop,aomqtt/v1/t/886cec9ffb8cfa40,whole,True,e5-pub-T062834Z:e5-20260930T062834Z:48,48,1790749765.4375505,0.4017353057861328,True,False,802,
49,2,aomqtt-e5-closed-loop,e5-20260930T062834Z,1790749766.4379163,e5-sub-T062834Z,e5_overlap5_fixed512,e5_overlap5_fixed512,e5/siteA/closedloop,aomqtt/v1/t/886cec9ffb8cfa40,whole,True,e5-pub-T062834Z:e5-20260930T062834Z:49,49,1790749766.437499,0.4172325134277344,True,False,802,
50,2,aomqtt-e5-closed-loop,e5-20260930T062834Z,1790749767.4380233,e5-sub-T062834Z,e5_overlap5_fixed512,e5_overlap5_fixed512,e5/siteA/closedloop,aomqtt/v1/t/886cec9ffb8cfa40,whole,True,e5-pub-T062834Z:e5-20260930T062834Z:50,50,1790749767.4375486,0.47469139099121094,True,False,802,
51,2,aomqtt-e5-closed-loop,e5-20260930T062834Z,1790749768.4382215,e5-sub-T062834Z,e5_overlap5_fixed512,e5_overlap5_fixed512,e5/siteA/closedloop,aomqtt/v1/t/886cec9ffb8cfa40,whole,True,e5-pub-T062834Z:e5-20260930T062834Z:51,51,1790749768.4375327,0.6887912750244141,True,False,802,
52,2,aomqtt-e5-closed-loop,e5-20260930T062834Z,1790749769.4384413,e5-sub-T062834Z,e5_overlap5_fixed512,e5_overlap5_fixed512,e5/siteA/closedloop,aomqtt/v1/t/886cec9ffb8cfa40,whole,True,e5-pub-T062834Z:e5-20260930T062834Z:52,52,1790749769.4375496,0.8916854858398438,True,False,802,
53,2,aomqtt-e5-closed-loop,e5-20260930T062834Z,1790749770.4386714,e5-sub-T062834Z,e5_overlap5_fixed512,e5_overlap5_fixed512,e5/siteA/closedloop,aomqtt/v1/t/886cec9ffb8cfa40,whole,True,e5-pub-T062834Z:e5-20260930T062834Z:53,53,1790749770.4375327,1.1386871337890625,True,False,802,
54,2,aomqtt-e5-closed-loop,e5-20260930T062834Z,1790749771.4382255,e5-sub-T062834Z,e5_overlap5_fixed512,e5_overlap5_fixed512,e5/siteA/closedloop,aomqtt/v1/t/a3eddda364c002f4,whole,True,e5-pub-T062834Z:e5-20260930T062834Z:54,54,1790749771.4375346,0.6909370422363281,True,False,802,
54,2,aomqtt-e5-closed-loop,e5-20260930T062834Z,1790749771.4387205,e5-sub-T062834Z,e5_overlap5_fixed512,e5_overlap5_fixed512,e5/siteA/closedloop,aomqtt/v1/t/886cec9ffb8cfa40,whole,True,e5-pub-T062834Z:e5-20260930T062834Z:54,54,1790749771.4375346,1.1858940124511719,True,True,802,
55,2,aomqtt-e5-closed-loop,e5-20260930T062834Z,1790749772.4383755,e5-sub-T062834Z,e5_overlap5_fixed512,e5_overlap5_fixed512,e5/siteA/closedloop,aomqtt/v1/t/a3eddda364c002f4,whole,True,e5-pub-T062834Z:e5-20260930T062834Z:55,55,1790749772.4375398,0.8356571197509766,True,False,802,
55,2,aomqtt-e5-closed-loop,e5-20260930T062834Z,1790749772.4390035,e5-sub-T062834Z,e5_overlap5_fixed512,e5_overlap5_fixed512,e5/siteA/closedloop,aomqtt/v1/t/886cec9ffb8cfa40,whole,True,e5-pub-T062834Z:e5-20260930T062834Z:55,55,1790749772.4375398,1.4636516571044922,True,True,802,
56,2,aomqtt-e5-closed-loop,e5-20260930T062834Z,1790749773.4379342,e5-sub-T062834Z,e5_overlap5_fixed512,e5_overlap5_fixed512,e5/siteA/closedloop,aomqtt/v1/t/a3eddda364c002f4,whole,True,e5-pub-T062834Z:e5-20260930T062834Z:56,56,1790749773.4375305,0.4036426544189453,True,False,802,
56,2,aomqtt-e5-closed-loop,e5-20260930T062834Z,1790749773.4384723,e5-sub-T062834Z,e5_overlap5_fixed512,e5_overlap5_fixed512,e5/siteA/closedloop,aomqtt/v1/t/886cec9ffb8cfa40,whole,True,e5-pub-T062834Z:e5-20260930T062834Z:56,56,1790749773.4375305,0.9417533874511719,True,True,802,
57,2,aomqtt-e5-closed-loop,e5-20260930T062834Z,1790749774.4382434,e5-sub-T062834Z,e5_overlap5_fixed512,e5_overlap5_fixed512,e5/siteA/closedloop,aomqtt/v1/t/a3eddda364c002f4,whole,True,e5-pub-T062834Z:e5-20260930T062834Z:57,57,1790749774.4375293,0.7140636444091797,True,False,802,
57,2,aomqtt-e5-closed-loop,e5-20260930T062834Z,1790749774.4387472,e5-sub-T062834Z,e5_overlap5_fixed512,e5_overlap5_fixed512,e5/siteA/closedloop,aomqtt/v1/t/886cec9ffb8cfa40,whole,True,e5-pub-T062834Z:e5-20260930T062834Z:57,57,1790749774.4375293,1.2178421020507812,True,True,802,
58,2,aomqtt-e5-closed-loop,e5-20260930T062834Z,1790749775.4382176,e5-sub-T062834Z,e5_overlap5_fixed512,e5_overlap5_fixed512,e5/siteA/closedloop,aomqtt/v1/t/a3eddda364c002f4,whole,True,e5-pub-T062834Z:e5-20260930T062834Z:58,58,1790749775.437531,0.6866455078125,True,False,802,
59,2,aomqtt-e5-closed-loop,e5-20260930T062834Z,1790749776.4382243,e5-sub-T062834Z,e5_overlap5_fixed512,e5_overlap5_fixed512,e5/siteA/closedloop,aomqtt/v1/t/a3eddda364c002f4,whole,True,e5-pub-T062834Z:e5-20260930T062834Z:59,59,1790749776.437532,0.6923675537109375,True,False,802,
60,2,aomqtt-e5-closed-loop,e5-20260930T062834Z,1790749777.43797,e5-sub-T062834Z,e5_overlap5_fixed512,e5_overlap5_fixed512,e5/siteA/closedloop,aomqtt/v1/t/a3eddda364c002f4,whole,True,e5-pub-T062834Z:e5-20260930T062834Z:60,60,1790749777.4375644,0.4055500030517578,True,False,802,
61,2,aomqtt-e5-closed-loop,e5-20260930T062834Z,1790749778.4385176,e5-sub-T062834Z,e5_overlap5_fixed512,e5_overlap5_fixed512,e5/siteA/closedloop,aomqtt/v1/t/a3eddda364c002f4,whole,True,e5-pub-T062834Z:e5-20260930T062834Z:61,61,1790749778.4376173,0.9002685546875,True,False,802,
62,2,aomqtt-e5-closed-loop,e5-20260930T062834Z,1790749779.438058,e5-sub-T062834Z,e5_overlap5_fixed512,e5_overlap5_fixed512,e5/siteA/closedloop,aomqtt/v1/t/a3eddda364c002f4,whole,True,e5-pub-T062834Z:e5-20260930T062834Z:62,62,1790749779.4375339,0.5240440368652344,True,False,802,
63,2,aomqtt-e5-closed-loop,e5-20260930T062834Z,1790749780.4381115,e5-sub-T062834Z,e5_overlap5_fixed512,e5_overlap5_fixed512,e5/siteA/closedloop,aomqtt/v1/t/a3eddda364c002f4,whole,True,e5-pub-T062834Z:e5-20260930T062834Z:63,63,1790749780.437533,0.5786418914794922,True,False,802,
64,2,aomqtt-e5-closed-loop,e5-20260930T062834Z,1790749781.438362,e5-sub-T062834Z,e5_overlap5_fixed512,e5_overlap5_fixed512,e5/siteA/closedloop,aomqtt/v1/t/a3eddda364c002f4,whole,True,e5-pub-T062834Z:e5-20260930T062834Z:64,64,1790749781.4375336,0.8282661437988281,True,False,802,
65,2,aomqtt-e5-closed-loop,e5-20260930T062834Z,1790749782.4382396,e5-sub-T062834Z,e5_overlap5_fixed512,e5_overlap5_fixed512,e5/siteA/closedloop,aomqtt/v1/t/a3eddda364c002f4,whole,True,e5-pub-T062834Z:e5-20260930T062834Z:65,65,1790749782.4375384,0.7011890411376953,True,False,802,
66,2,aomqtt-e5-closed-loop,e5-20260930T062834Z,1790749783.4380374,e5-sub-T062834Z,e5_overlap5_fixed512,e5_overlap5_fixed512,e5/siteA/closedloop,aomqtt/v1/t/a3eddda364c002f4,whole,True,e5-pub-T062834Z:e5-20260930T062834Z:66,66,1790749783.437534,0.5033016204833984,True,False,802,
67,2,aomqtt-e5-closed-loop,e5-20260930T062834Z,1790749784.4381196,e5-sub-T062834Z,e5_overlap5_fixed512,e5_overlap5_fixed512,e5/siteA/closedloop,aomqtt/v1/t/a3eddda364c002f4,whole,True,e5-pub-T062834Z:e5-20260930T062834Z:67,67,1790749784.4375117,0.6079673767089844,True,False,802,
68,2,aomqtt-e5-closed-loop,e5-20260930T062834Z,1790749785.438242,e5-sub-T062834Z,e5_overlap5_fixed512,e5_overlap5_fixed512,e5/siteA/closedloop,aomqtt/v1/t/a3eddda364c002f4,whole,True,e5-pub-T062834Z:e5-20260930T062834Z:68,68,1790749785.4375265,0.7154941558837891,True,False,802,
69,2,aomqtt-e5-closed-loop,e5-20260930T062834Z,1790749786.437927,e5-sub-T062834Z,e5_overlap5_fixed512,e5_overlap5_fixed512,e5/siteA/closedloop,aomqtt/v1/t/a3eddda364c002f4,whole,True,e5-pub-T062834Z:e5-20260930T062834Z:69,69,1790749786.437497,0.43010711669921875,True,False,802,
70,2,aomqtt-e5-closed-loop,e5-20260930T062834Z,1790749787.437928,e5-sub-T062834Z,e5_overlap5_fixed512,e5_overlap5_fixed512,e5/siteA/closedloop,aomqtt/v1/t/a3eddda364c002f4,whole,True,e5-pub-T062834Z:e5-20260930T062834Z:70,70,1790749787.4375033,0.4246234893798828,True,False,802,
71,2,aomqtt-e5-closed-loop,e5-20260930T062834Z,1790749788.438481,e5-sub-T062834Z,e5_overlap5_fixed512,e5_overlap5_fixed512,e5/siteA/closedloop,aomqtt/v1/t/a3eddda364c002f4,whole,True,e5-pub-T062834Z:e5-20260930T062834Z:71,71,1790749788.4375916,0.8895397186279297,True,False,802,
72,2,aomqtt-e5-closed-loop,e5-20260930T062834Z,1790749789.4381056,e5-sub-T062834Z,e5_overlap5_fixed512,e5_overlap5_fixed512,e5/siteA/closedloop,aomqtt/v1/t/a3eddda364c002f4,whole,True,e5-pub-T062834Z:e5-20260930T062834Z:72,72,1790749789.437526,0.5795955657958984,True,False,802,
73,2,aomqtt-e5-closed-loop,e5-20260930T062834Z,1790749790.4381258,e5-sub-T062834Z,e5_overlap5_fixed512,e5_overlap5_fixed512,e5/siteA/closedloop,aomqtt/v1/t/a3eddda364c002f4,whole,True,e5-pub-T062834Z:e5-20260930T062834Z:73,73,1790749790.4375427,0.5831718444824219,True,False,802,
74,2,aomqtt-e5-closed-loop,e5-20260930T062834Z,1790749791.4379864,e5-sub-T062834Z,e5_overlap5_fixed512,e5_overlap5_fixed512,e5/siteA/closedloop,aomqtt/v1/t/a3eddda364c002f4,whole,True,e5-pub-T062834Z:e5-20260930T062834Z:74,74,1790749791.4375625,0.4239082336425781,True,False,802,
75,2,aomqtt-e5-closed-loop,e5-20260930T062834Z,1790749792.4379652,e5-sub-T062834Z,e5_overlap5_fixed512,e5_overlap5_fixed512,e5/siteA/closedloop,aomqtt/v1/t/a3eddda364c002f4,whole,True,e5-pub-T062834Z:e5-20260930T062834Z:75,75,1790749792.4375396,0.42557716369628906,True,False,802,
76,2,aomqtt-e5-closed-loop,e5-20260930T062834Z,1790749793.4379802,e5-sub-T062834Z,e5_overlap5_fixed512,e5_overlap5_fixed512,e5/siteA/closedloop,aomqtt/v1/t/a3eddda364c002f4,whole,True,e5-pub-T062834Z:e5-20260930T062834Z:76,76,1790749793.4375746,0.4055500030517578,True,False,802,
77,2,aomqtt-e5-closed-loop,e5-20260930T062834Z,1790749794.4379327,e5-sub-T062834Z,e5_overlap5_fixed512,e5_overlap5_fixed512,e5/siteA/closedloop,aomqtt/v1/t/a3eddda364c002f4,whole,True,e5-pub-T062834Z:e5-20260930T062834Z:77,77,1790749794.4375381,0.39458274841308594,True,False,802,
78,2,aomqtt-e5-closed-loop,e5-20260930T062834Z,1790749795.4381282,e5-sub-T062834Z,e5_overlap5_fixed512,e5_overlap5_fixed512,e5/siteA/closedloop,aomqtt/v1/t/a3eddda364c002f4,whole,True,e5-pub-T062834Z:e5-20260930T062834Z:78,78,1790749795.4375634,0.5648136138916016,True,False,802,
79,2,aomqtt-e5-closed-loop,e5-20260930T062834Z,1790749796.437993,e5-sub-T062834Z,e5_overlap5_fixed512,e5_overlap5_fixed512,e5/siteA/closedloop,aomqtt/v1/t/a3eddda364c002f4,whole,True,e5-pub-T062834Z:e5-20260930T062834Z:79,79,1790749796.4375737,0.41937828063964844,True,False,802,
80,2,aomqtt-e5-closed-loop,e5-20260930T062834Z,1790749797.4380856,e5-sub-T062834Z,e5_overlap5_fixed512,e5_overlap5_fixed512,e5/siteA/closedloop,aomqtt/v1/t/a3eddda364c002f4,whole,True,e5-pub-T062834Z:e5-20260930T062834Z:80,80,1790749797.4375637,0.5218982696533203,True,False,802,
81,2,aomqtt-e5-closed-loop,e5-20260930T062834Z,1790749798.4379447,e5-sub-T062834Z,e5_overlap5_fixed512,e5_overlap5_fixed512,e5/siteA/closedloop,aomqtt/v1/t/a3eddda364c002f4,whole,True,e5-pub-T062834Z:e5-20260930T062834Z:81,81,1790749798.437553,0.3917217254638672,True,False,802,
82,2,aomqtt-e5-closed-loop,e5-20260930T062834Z,1790749799.4382362,e5-sub-T062834Z,e5_overlap5_fixed512,e5_overlap5_fixed512,e5/siteA/closedloop,aomqtt/v1/t/a3eddda364c002f4,whole,True,e5-pub-T062834Z:e5-20260930T062834Z:82,82,1790749799.4375615,0.6747245788574219,True,False,802,
83,2,aomqtt-e5-closed-loop,e5-20260930T062834Z,1790749800.4386113,e5-sub-T062834Z,e5_overlap5_fixed512,e5_overlap5_fixed512,e5/siteA/closedloop,aomqtt/v1/t/a3eddda364c002f4,whole,True,e5-pub-T062834Z:e5-20260930T062834Z:83,83,1790749800.4375339,1.077413558959961,True,False,802,
84,2,aomqtt-e5-closed-loop,e5-20260930T062834Z,1790749801.4380546,e5-sub-T062834Z,e5_overlap5_fixed512,e5_overlap5_fixed512,e5/siteA/closedloop,aomqtt/v1/t/7538aab2a87175f0,whole,True,e5-pub-T062834Z:e5-20260930T062834Z:84,84,1790749801.4375627,0.49185752868652344,True,False,802,
84,2,aomqtt-e5-closed-loop,e5-20260930T062834Z,1790749801.4385562,e5-sub-T062834Z,e5_overlap5_fixed512,e5_overlap5_fixed512,e5/siteA/closedloop,aomqtt/v1/t/a3eddda364c002f4,whole,True,e5-pub-T062834Z:e5-20260930T062834Z:84,84,1790749801.4375627,0.9934902191162109,True,True,802,
85,2,aomqtt-e5-closed-loop,e5-20260930T062834Z,1790749802.4382427,e5-sub-T062834Z,e5_overlap5_fixed512,e5_overlap5_fixed512,e5/siteA/closedloop,aomqtt/v1/t/7538aab2a87175f0,whole,True,e5-pub-T062834Z:e5-20260930T062834Z:85,85,1790749802.4375477,0.6949901580810547,True,False,802,
85,2,aomqtt-e5-closed-loop,e5-20260930T062834Z,1790749802.4386861,e5-sub-T062834Z,e5_overlap5_fixed512,e5_overlap5_fixed512,e5/siteA/closedloop,aomqtt/v1/t/a3eddda364c002f4,whole,True,e5-pub-T062834Z:e5-20260930T062834Z:85,85,1790749802.4375477,1.138448715209961,True,True,802,
86,2,aomqtt-e5-closed-loop,e5-20260930T062834Z,1790749803.4379735,e5-sub-T062834Z,e5_overlap5_fixed512,e5_overlap5_fixed512,e5/siteA/closedloop,aomqtt/v1/t/7538aab2a87175f0,whole,True,e5-pub-T062834Z:e5-20260930T062834Z:86,86,1790749803.43755,0.423431396484375,True,False,802,
86,2,aomqtt-e5-closed-loop,e5-20260930T062834Z,1790749803.4384048,e5-sub-T062834Z,e5_overlap5_fixed512,e5_overlap5_fixed512,e5/siteA/closedloop,aomqtt/v1/t/a3eddda364c002f4,whole,True,e5-pub-T062834Z:e5-20260930T062834Z:86,86,1790749803.43755,0.8547306060791016,True,True,802,
87,2,aomqtt-e5-closed-loop,e5-20260930T062834Z,1790749804.4381158,e5-sub-T062834Z,e5_overlap5_fixed512,e5_overlap5_fixed512,e5/siteA/closedloop,aomqtt/v1/t/7538aab2a87175f0,whole,True,e5-pub-T062834Z:e5-20260930T062834Z:87,87,1790749804.437563,0.5528926849365234,True,False,802,
87,2,aomqtt-e5-closed-loop,e5-20260930T062834Z,1790749804.4386265,e5-sub-T062834Z,e5_overlap5_fixed512,e5_overlap5_fixed512,e5/siteA/closedloop,aomqtt/v1/t/a3eddda364c002f4,whole,True,e5-pub-T062834Z:e5-20260930T062834Z:87,87,1790749804.437563,1.0635852813720703,True,True,802,
88,2,aomqtt-e5-closed-loop,e5-20260930T062834Z,1790749805.4382913,e5-sub-T062834Z,e5_overlap5_fixed512,e5_overlap5_fixed512,e5/siteA/closedloop,aomqtt/v1/t/7538aab2a87175f0,whole,True,e5-pub-T062834Z:e5-20260930T062834Z:88,88,1790749805.437561,0.7302761077880859,True,False,802,
89,2,aomqtt-e5-closed-loop,e5-20260930T062834Z,1790749806.438278,e5-sub-T062834Z,e5_overlap5_fixed512,e5_overlap5_fixed512,e5/siteA/closedloop,aomqtt/v1/t/7538aab2a87175f0,whole,True,e5-pub-T062834Z:e5-20260930T062834Z:89,89,1790749806.4375522,0.7257461547851562,True,False,802,
